ID,Title,Author,Year,Publisher,Summary,Keywords
1,Resource Allocation in V2X Networks: From Classical Optimization to Machine Learning-based Solutions,"Parvini, S. et al.",2024,IEEE Open Journal of the Communications Society,この論文では、V2X（Vehicle-to-Everything）ネットワークにおけるリソース割り当て問題について、従来の最適化手法と機械学習ベースの手法を比較検討しています。特に、車両プラトーン走行における通信の信頼性と安定性を確保するための無線リソース管理（RRM）問題に焦点を当てています。まず、基地局が車両間（V2V）の通信品質を完全に把握しているという前提のもと、差分凸関数計画（d.c. programming）に基づいた中央集権的なアプローチを考案します。次に、各送信車両を自律的なエージェントとみなし、マルチエージェント強化学習（MARL）を用いた分散型のリソース割り当て手法を開発します。さらに、連合学習（FL）を分散型MARLアルゴリズムに統合することの潜在的な利点も調査しています。これらの古典的な手法と機械学習ベースの手法を比較することで、強化学習ベースのリソース割り当てアルゴリズムによって学習されたポリシーの堅牢性、感度、有効性に関する重要な観察結果を導き出しています。,"Reinforcement Learning, Multi-agent Reinforcement Learning - MARL, Platooning, Radio Resource Management - RRM, Federated Learning - FL"
2,DDQN-Based Centralized Spectrum Allocation and Distributed Power Control for V2X Communications,"Zhang, Y. et al.",2024,IEEE Transactions on Vehicular Technology,機械学習、特にディープラーニングが高度に移動性の高い車両ネットワークで広く利用されるに伴い、V2X（Vehicle-to-Everything）通信は学術界や産業界から多くの注目を集めています。しかし、高速で動的なネットワーク環境は、V2X通信におけるリソース割り当て問題に大きな課題をもたらしています。動的な車両ネットワーク環境においてチャネル状態情報（CSI）を正確に取得することの難しさを考慮し、本論文では、スペクトルリソースをより効果的に利用し、V2Xリンク間の多重干渉を削減するために、Double Deep Q-Network（DDQN）に基づいた集中型スペクトル割り当てと分散型電力制御を組み合わせたアルゴリズムを提案します。このアプローチは2段階で構成されます。第1段階では、グラフ理論に基づいた集中型スペクトルマッチング方式を提示し、V2V（Vehicle-to-Vehicle）リンクとV2I（Vehicle-to-Infrastructure）リンク間の多重干渉を低減し、車両ネットワークのシステム容量を向上させます。第2段階では、局所的に取得したCSI情報に基づいて端末車両の将来の動的なCSIトレンドを予測することにより、システムの信頼性を高め、端末ユーザーの体験品質要件を満たすための分散型DDQNベースの電力制御方式を提案します。,"V2X Communications, Resource Allocation, Spectrum Allocation, Power Control, Deep Reinforcement Learning, Double Deep Q-Network (DDQN), Interference Management, Channel State Information (CSI)"
3,Radio Resource Management for C-V2X: From A Hybrid Centralized-Distributed Scheme to A Distributed Scheme,"Guo, J. et al.",2023,IEEE Journal on Selected Areas in Communications,セルラーV2X（C-V2X）におけるスペクトラム共有は、スペクトル効率を向上させる有望な解決策として考えられてきました。 しかし、それに伴う同一チャネル干渉は、車両リンクの性能を著しく低下させる可能性があります。 そのため、通信の信頼性を確保し、システム容量を増やすために、無線リソース管理（RRM）が考案され、設計されています。 課題の1つは、RRMにはチャネル割り当てと電力制御が含まれ、これらは密接に結合しており、同時に最適化することが難しい点です。 もう1つ[1][2]の課題は、グローバルなチャネル状態情報（CSI）を必要とし、高いシグナリングオーバーヘッドを引き起こす集中型RRM方式の適応が困難であることです。これらの課題に取り組むために、本稿ではハイブリッド集中分散型RRM方式と分散型RRM方式を提案します。 具体的には、チャネル割り当てと電力制御を独立して最適化できるように、理論的な下限を提供する分離手法を証明します。 この分離手法を前提として、ハイブリッド集中分散型RRM方式は、グラフマッチングと強化学習（GMRL）に基づいており、システム容量を最大化し、信頼性要件を保証します。 さらに、計算の複雑さとシグナリングのオーバーヘッドを削減するために、ハイブリッドフレームワーク強化学習（HFRL）を用いてローカルCSIのみを必要とする分散型RRM方式が活用されています。 最後に、両方の方式は実験を通じて数値的に評価され、他のディープQネットワーク（DQN）ベースの方式よりも優れた性能を発揮します。,"Cellular Vehicle-to-Everything (C-V2X), Radio Resource Management (RRM), Resource Allocation, Interference Mitigation, Reinforcement Learning (RL), Deep Q-Network (DQN), Hybrid Centralized-Distributed Scheme, Distributed Scheme, Channel State Information (CSI)"
4,Spectrum Re-Partitioning in Centralized C-V2X for Interference Mitigation and Signaling Reduction,"Al-Absi, A. et al.",2022,Electronics,この研究は、セルラーV2X（C-V2X）通信における干渉を軽減し、車両とインフラ間のシグナリングコストを削減するための新しい手法を提案しています。特に、RSU（路側機）において、周波数帯域を2つのサブバンドに分割する「フル周波数再利用（FFR）」と「部分的周波数再利用（PFR）」という2つのスペクトル再分割技術を検討しています。PFR技術では、RSUカバレッジの中央部と端部にいる車両間でサブバンドをさらに再分割します。シミュレーションの結果、PFR技術はFFR技術と比較して有望な結果を示し、両方の技術が従来の単一帯域システムよりも大幅に改善されることが示されました。 このアプローチは、特にC-V2Xモード3において、リソースの衝突を回避し、高い干渉の影響を減少させることを目的としています。,"C-V2X (Cellular Vehicle-to-Everything), Resource Allocation (リソース割り当て), Interference Mitigation (干渉軽減), Spectrum Re-Partitioning (スペクトル再分割), Signaling Reduction (シグナリング削減), Full Frequency Reuse (FFR) (フル周波数再利用), Partial Frequency Reuse (PFR) (部分的周波数再利用), Roadside Units (RSUs) (路側機)"
5,Maximum Reuse Distance Scheduling for Cellular-V2X Sidelink Mode 3,"Cecchini, G. et al.",2018,IEEE Globecom Workshops,"""Maximum Reuse Distance Scheduling for Cellular-V2X Sidelink Mode 3"" のアブストラクトに関連するキーワードは以下の通りです。","Cellular-V2X (C-V2X), Sidelink, Mode 3, Resource Allocation, Scheduling, Reuse Distance, Interference, Packet Reception Ratio (PRR), Latency, Quality of Service (QoS)"
6,Geo-Based Scheduling for C-V2X Networks,"Molina-Masegosa, R. et al.",2019,IEEE Transactions on Vehicular Technology,本稿では、C-V2Xネットワークにおける地理ベースのスケジューリング（GBS）方式を提案します。GBSは、車両の位置情報に基づいてリソースを割り当てることで、干渉を低減し、システムのスループットを向上させます。シミュレーション結果は、GBSが従来のスケジューリング方式と比較して優れた性能を発揮することを示しています。,"C-V2X, Geo-Based Scheduling, Resource Allocation, Interference Management, Throughput Improvement"
7,Location-Based Scheduling for Cellular V2V Systems in Highway Scenarios,"Fritzsche, R. & Festag, A.",2018,IEEE Vehicular Technology Conference (VTC Spring),本稿では、高速道路シナリオにおけるセルラーV2Vシステム向けのロケーションベースのスケジューリング方式を提案します。この方式は、車両の位置情報とチャネル状態情報を考慮して、リソースを効率的に割り当て、通信の信頼性を向上させます。,"Cellular V2V, Location-Based Scheduling, Highway Scenarios, Resource Allocation, Communication Reliability"
8,Deep Neural Network Based Resource Allocation for V2X Communications,"Gao, Y. et al.",2019,IEEE Vehicular Technology Conference (VTC-Fall),本稿では、V2X通信におけるリソース割り当てのための深層ニューラルネットワーク（DNN）ベースのアプローチを提案します。DNNは、複雑な無線環境において最適なリソース割り当てポリシーを学習し、システムのスループットと信頼性を向上させます。,"V2X Communications, Resource Allocation, Deep Neural Network (DNN), Throughput, Reliability"
9,On SDN to Support The IEEE 802.11 and C-V2X based Vehicular Communications,"Suryanegara, W. et al.",2023,IEEE Access,本稿では、IEEE 802.11およびC-V2Xベースの車両通信をサポートするためのSDN（Software-Defined Networking）の適用について検討します。SDNは、ネットワークの柔軟性と管理性を向上させ、V2X通信の効率的な運用を可能にします。,"SDN (Software-Defined Networking), IEEE 802.11, C-V2X, Vehicular Communications, Network Flexibility, Network Management"
10,Radio Access Network Slicing for V2X and eMBB Services,"Garcia, M. et al.",2019,International Conference on Cognitive Radio Oriented Wireless Networks,本稿では、V2XおよびeMBB（enhanced Mobile Broadband）サービスのための無線アクセスネットワーク（RAN）スライシングについて検討します。RANスライシングは、異なるサービス要件を持つV2XおよびeMBBトラフィックを効率的に処理するための柔軟なネットワークアーキテクチャを提供します。,"Radio Access Network (RAN) Slicing, V2X, eMBB (enhanced Mobile Broadband), Service Requirements, Network Architecture"
11,A Survey on Radio Resource Management for 5G V2X Sidelink Network Slicing,"Al-Heety, O. et al.",2021,"PhD Thesis, UPC",本論文は、5G V2Xサイドリンクネットワークスライシングにおける無線リソース管理に関する調査です。様々なリソース管理技術をレビューし、将来の研究方向性について議論します。,"5G V2X, Sidelink, Network Slicing, Radio Resource Management, Survey"
12,Deep Reinforcement Learning for Radio Resource Management in 5G/6G Network Slicing: A Survey,"Rojas, O. et al.",2022,Sensors,本論文は、5G/6Gネットワークスライシングにおける無線リソース管理のための深層強化学習に関する調査です。様々な深層強化学習アルゴリズムをレビューし、その適用可能性と課題について議論します。,"Deep Reinforcement Learning, Radio Resource Management, 5G/6G Network Slicing, Survey"
13,Two-timescale Vehicle Association and Resource Management for C-V2X Networks,"Wang, J. et al.",2023,IEEE Communications Letters,本稿では、C-V2Xネットワークにおける2つの時間スケールでの車両関連付けとリソース管理について検討します。このアプローチは、動的な車両環境において効率的なリソース割り当てを可能にします。,"C-V2X Networks, Two-timescale, Vehicle Association, Resource Management"
14,A Distributed Traffic Signal Control System for V2X Intersections,"Wang, F-Y. et al.",2024,Mathematics,本稿では、V2X交差点における分散型交通信号制御システムを提案します。このシステムは、V2X通信を活用して交通流を最適化し、交差点の効率を向上させます。,"V2X Intersections, Distributed Traffic Signal Control, Traffic Flow Optimization"
15,Federated Learning for Zero-Day Attack Detection in 5G-Enabled V2X Networks,"Korba, A. et al.",2023,IEEE Transactions on Intelligent Transportation Systems,本稿では、5G対応V2Xネットワークにおけるゼロデイ攻撃検出のための連合学習を提案します。連合学習は、プライバシーを保護しながら、分散型環境で攻撃を検出する能力を向上させます。,"Federated Learning, Zero-Day Attack Detection, 5G-Enabled V2X Networks, Security"
16,A Survey of Intrusion Detection Systems in V2X Security using Federated Learning and Edge AI,"Merzoug, A. et al.",2024,IEEE Access,本論文は、連合学習とエッジAIを用いたV2Xセキュリティにおける侵入検知システムに関する調査です。様々な侵入検知技術をレビューし、その適用可能性と課題について議論します。,"Intrusion Detection Systems, V2X Security, Federated Learning, Edge AI, Survey"
17,Federated Reinforcement Learning for Resource Allocation in V2X Networks,"Zhang, Y. et al.",2024,arXiv,本稿では、V2Xネットワークにおけるリソース割り当てのための連合強化学習を提案します。連合強化学習は、分散型環境でリソース割り当てポリシーを学習し、システムのスループットと信頼性を向上させます。,"Federated Reinforcement Learning, Resource Allocation, V2X Networks"
18,Priority-Aware Multi-Agent Deep Reinforcement Learning for Resource Scheduling in C-V2X Mode 4,"Muhammad-Saad, A. et al.",2024,IEEE Access,本稿では、C-V2Xモード4におけるリソーススケジューリングのための優先度認識型マルチエージェント深層強化学習を提案します。このアプローチは、異なる優先度を持つV2Xトラフィックを効率的に処理し、システム性能を最適化します。,"Priority-Aware, Multi-Agent Deep Reinforcement Learning, Resource Scheduling, C-V2X Mode 4"
19,Optimization of Resource Allocation for V2X Security Communication based on Multi-Agent Reinforcement Learning,"Ji, B. et al.",2023,IEEE Transactions on Vehicular Technology,本稿では、マルチエージェント強化学習に基づくV2Xセキュリティ通信のためのリソース割り当ての最適化を提案します。このアプローチは、セキュリティ要件を満たしながら、効率的なリソース割り当てを可能にします。,"Resource Allocation, V2X Security Communication, Multi-Agent Reinforcement Learning, Optimization"
20,Analytical Models of the Performance of C-V2X Mode 4 Vehicular Communications,"Gonzalez-Martín, M. et al.",2019,IEEE Transactions on Vehicular Technology,本稿では、C-V2Xモード4車両通信の性能に関する分析モデルを提案します。これらのモデルは、様々なシナリオにおけるC-V2Xモード4の性能を評価するために使用できます。,"Analytical Models, Performance Analysis, C-V2X Mode 4, Vehicular Communications"
21,A New Clustering-based Radio Resource Allocation Scheme for C-V2X,"Khabaz, S. et al.",2021,Wireless Days Conference,本稿では、C-V2Xのための新しいクラスタリングベースの無線リソース割り当て方式を提案します。この方式は、車両をクラスタリングし、クラスタ内でリソースを効率的に割り当てることで、システムのスループットと信頼性を向上させます。,"Clustering-based, Radio Resource Allocation, C-V2X, Throughput, Reliability"
22,PrESS: Predictive Assessment of Resource Usage for C-V2V Mode 4,"Yang, J. M. et al.",2021,IEEE Vehicular Technology Conference (VTC-Fall),本稿では、C-V2Vモード4におけるリソース使用量の予測評価（PrESS）を提案します。PrESSは、将来のリソース需要を予測し、効率的なリソース割り当てを可能にします。,"PrESS, Predictive Assessment, Resource Usage, C-V2V Mode 4"
23,A Review of Resource Allocation in C-V2X,"Tahi, T. Z.",2024,arXiv,本論文は、C-V2Xにおけるリソース割り当てに関するレビューです。様々なリソース割り当て技術をレビューし、将来の研究方向性について議論します。,"Resource Allocation, C-V2X, Review"
24,Joint Optimization of Resource Allocation and Access Control in C-V2X Networks,"Li, X. et al.",2024,IEEE Transactions on Vehicular Technology,本稿では、C-V2Xネットワークにおけるリソース割り当てとアクセス制御の共同最適化を提案します。このアプローチは、システムのスループットと公平性を向上させます。,"Joint Optimization, Resource Allocation, Access Control, C-V2X Networks, Throughput, Fairness"
25,Optimizing V2X Communication: Spectrum Resource Allocation and Power Control Strategies,"Al-Dulaimi, A. et al.",2024,Applied Sciences,本稿では、V2X通信を最適化するためのスペクトルリソース割り当てと電力制御戦略を提案します。これらの戦略は、システムのスループットと信頼性を向上させます。,"V2X Communication, Spectrum Resource Allocation, Power Control Strategies, Optimization"
26,Sequential Task Assignment and Resource Allocation in V2X-Enabled Mobile Edge Computing,"Wang, Y. et al.",2023,IEEE Internet of Things Journal,本稿では、V2X対応モバイルエッジコンピューティングにおける逐次タスク割り当てとリソース割り当てを提案します。このアプローチは、モバイルエッジコンピューティング環境におけるタスク処理の効率を向上させます。,"Sequential Task Assignment, Resource Allocation, V2X-Enabled Mobile Edge Computing"
27,Latency Minimization for MEC-V2X Networks with Joint Offloading and Resource Allocation,"Zhang, H. et al.",2023,IEEE Transactions on Vehicular Technology,本稿では、MEC-V2Xネットワークにおけるオフロードとリソース割り当ての共同最適化による遅延最小化を提案します。このアプローチは、MEC-V2Xネットワークにおける遅延を最小化し、システム性能を向上させます。,"Latency Minimization, MEC-V2X Networks, Joint Offloading, Resource Allocation"
28,Resource Allocation in V2X Communications Based on Multi-Agent Reinforcement Learning with Attention Mechanism,"Sun, Y. et al.",2022,Mathematics,本稿では、アテンションメカニズムを備えたマルチエージェント強化学習に基づくV2X通信におけるリソース割り当てを提案します。このアプローチは、動的なV2X環境において効率的なリソース割り当てを可能にします。,"Resource Allocation, V2X Communications, Multi-Agent Reinforcement Learning, Attention Mechanism"
29,Electric Vehicle Charging Station Power Supply Optimization with V2X Capabilities Based on Mixed-Integer Linear Programming,"Sbordone, D. et al.",2022,Energies,本稿では、混合整数線形計画法に基づくV2X機能を備えた電気自動車充電ステーションの電力供給最適化を提案します。このアプローチは、電気自動車充電ステーションの効率と持続可能性を向上させます。,"Electric Vehicle Charging Station, Power Supply Optimization, V2X Capabilities, Mixed-Integer Linear Programming"
30,Resource Allocation for D2D-based V2X Communication with Imperfect CSI,"Liang, L. et al.",2020,IEEE Internet of Things Journal,本稿では、不完全なCSI（チャネル状態情報）を持つD2DベースのV2X通信のためのリソース割り当てを提案します。このアプローチは、不完全なCSI条件下でも効率的なリソース割り当てを可能にします。,"Resource Allocation, D2D-based V2X Communication, Imperfect CSI"
31,Resilient Resource Allocation for C-V2X Networks under Imperfect CSI,"Zhang, L. et al.",2021,IEEE Transactions on Wireless Communications,本稿では、不完全なCSI条件下におけるC-V2Xネットワークのための回復力のあるリソース割り当てを提案します。このアプローチは、不完全なCSI条件下でもシステムの堅牢性を維持しながら、効率的なリソース割り当てを可能にします。,"Resilient Resource Allocation, C-V2X Networks, Imperfect CSI"
32,Fuzzy Matching Learning for Dynamic Resource Allocation in Cellular V2X Network,"Zhang, L. et al.",2021,IEEE Transactions on Vehicular Technology,本稿では、セルラーV2Xネットワークにおける動的リソース割り当てのためのファジーマッチング学習を提案します。このアプローチは、動的な環境において効率的なリソース割り当てを可能にします。,"Fuzzy Matching Learning, Dynamic Resource Allocation, Cellular V2X Network"
33,Socially Aware Clustering and Matching for V2I/V2V Resource Allocation,"Liu, Y. et al.",2022,IEEE Transactions on Wireless Communications,本稿では、V2I/V2Vリソース割り当てのためのソーシャルアウェアクラスタリングとマッチングを提案します。このアプローチは、車両の社会的関係を考慮して、効率的なリソース割り当てを可能にします。,"Socially Aware Clustering, Matching, V2I/V2V Resource Allocation"
34,Resilient and Secure Resource Allocation for D2D-based V2X using Stable Matching,"A. T. Asyabi, E. et al.",2020,IEEE International Conference on Communications (ICC),本稿では、安定マッチングを用いたD2DベースのV2Xのための回復力のある安全なリソース割り当てを提案します。このアプローチは、セキュリティ要件を満たしながら、効率的なリソース割り当てを可能にします。,"Resilient and Secure Resource Allocation, D2D-based V2X, Stable Matching"
35,Enhancing Converged Optical and Millimeter Wave Radio Networks with Resource Management Games,"Sahinel, D.",2023,"PhD Thesis, Eindhoven University of Technology",本論文は、リソース管理ゲームを用いた収束型光およびミリ波無線ネットワークの強化に関する博士論文です。,"Converged Optical and Millimeter Wave Radio Networks, Resource Management Games"
36,Efficient Radio Resource Management Scheme in Cooperative Heterogeneous Networks using Coalition Game,"Khan, F. et al.",2020,IEEE Access,本稿では、連合ゲームを用いた協調型異種ネットワークにおける効率的な無線リソース管理方式を提案します。この方式は、システムのスループットと公平性を向上させます。,"Efficient Radio Resource Management, Cooperative Heterogeneous Networks, Coalition Game"
37,Stackelberg Game-Based Power Allocation for V2X Communications,"Zhang, Y. et al.",2020,Sensors,本稿では、V2X通信のためのスタッケルベルグゲームベースの電力割り当てを提案します。このアプローチは、V2X通信における電力効率を向上させます。,"Stackelberg Game-Based, Power Allocation, V2X Communications"
38,Game Theory-Based Load-Balancing Algorithms for Heterogeneous Networks,"Al-Dulaimi, A. et al.",2023,Applied Sciences,本稿では、異種ネットワークにおけるゲーム理論ベースの負荷分散アルゴリズムを提案します。これらのアルゴリズムは、ネットワークの負荷分散を最適化し、システム性能を向上させます。,"Game Theory-Based, Load-Balancing Algorithms, Heterogeneous Networks"
39,A Survey of Recent Advances in Optimization Methods for Wireless Communications,"Luo, Z-Q. et al.",2024,IEEE Journal on Selected Areas in Communications,本論文は、無線通信における最適化手法の最近の進歩に関する調査です。様々な最適化技術をレビューし、将来の研究方向性について議論します。,"Optimization Methods, Wireless Communications, Survey"
40,Sum-Throughput Maximization in NOMA-Based WPCN: A Cluster-Specific Beamforming Approach,"Song, D. et al.",2021,IEEE Internet of Things Journal,本稿では、NOMAベースのWPCNにおける総スループット最大化のためのクラスタ固有ビームフォーミングアプローチを提案します。このアプローチは、システムのスループットを向上させます。,"Sum-Throughput Maximization, NOMA-Based WPCN, Cluster-Specific Beamforming"
41,Graph Neural Networks and Deep Reinforcement Learning Based Resource Allocation for V2X Communications,"Ji, M. et al.",2024,IEEE Internet of Things Journal,本稿では、グラフニューラルネットワークと深層強化学習に基づくV2X通信のためのリソース割り当てを提案します。このアプローチは、複雑な無線環境において効率的なリソース割り当てを可能にします。,"Graph Neural Networks, Deep Reinforcement Learning, Resource Allocation, V2X Communications"
42,GNN-Augmented Multi-Agent Reinforcement Learning for Spectrum Allocation in V2X Network,"Wang, J. et al.",2021,IEEE Globecom Workshops,本稿では、V2Xネットワークにおけるスペクトル割り当てのためのGNN拡張マルチエージェント強化学習を提案します。このアプローチは、動的なV2X環境において効率的なスペクトル割り当てを可能にします。,"GNN-Augmented, Multi-Agent Reinforcement Learning, Spectrum Allocation, V2X Network"
43,Dynamic Graph Attention-driven Reinforcement Learning for Resource Allocation in Vehicular Networks,"Chen, Y. et al.",2025,Preprints.org,本稿では、車両ネットワークにおけるリソース割り当てのための動的グラフアテンション駆動強化学習を提案します。このアプローチは、動的な車両環境において効率的なリソース割り当てを可能にします。,"Dynamic Graph Attention-driven, Reinforcement Learning, Resource Allocation, Vehicular Networks"
44,A GNN and Double Deep Q-Network Framework for Dynamic Resource Allocation in V2X,"Li, H. et al.",2025,Computer Materials & Continua,本稿では、V2Xにおける動的リソース割り当てのためのGNNとDouble Deep Q-Networkフレームワークを提案します。このアプローチは、動的なV2X環境において効率的なリソース割り当てを可能にします。,"GNN, Double Deep Q-Network, Dynamic Resource Allocation, V2X"
45,Deep Reinforcement Learning for Resource Allocation in V2V Communications,"Ye, H. & Li, G. Y.",2018,IEEE Wireless Communications Letters,本稿では、V2V通信におけるリソース割り当てのための深層強化学習を提案します。このアプローチは、V2V通信における効率的なリソース割り当てを可能にします。,"Deep Reinforcement Learning, Resource Allocation, V2V Communications"
46,Energy-Efficient Resource Allocation for V2V Communications using Deep Reinforcement Learning,"Jang, B. et al.",2023,Sensors,本稿では、深層強化学習を用いたV2V通信のためのエネルギー効率の良いリソース割り当てを提案します。このアプローチは、V2V通信におけるエネルギー効率を向上させます。,"Energy-Efficient Resource Allocation, V2V Communications, Deep Reinforcement Learning"
47,"Integrated Networking, Caching, and Computing for Connected Vehicles: A Deep Reinforcement Learning Approach","He, Y. et al.",2017,IEEE Transactions on Vehicular Technology,本稿では、接続された車両のための統合されたネットワーキング、キャッシング、コンピューティングを提案します。深層強化学習アプローチを用いて、これらの機能を最適化します。,"Integrated Networking, Caching, Computing, Connected Vehicles, Deep Reinforcement Learning"
48,Resource Allocation for NOMA-based V2X Communications using Reinforcement Learning,"Chen, Y-C. et al.",2021,IEEE INFOCOM Workshops,本稿では、強化学習を用いたNOMAベースのV2X通信のためのリソース割り当てを提案します。このアプローチは、NOMAベースのV2X通信における効率的なリソース割り当てを可能にします。,"Resource Allocation, NOMA-based V2X Communications, Reinforcement Learning"
49,Joint Optimization for AoI and Energy Consumption in C-V2X Enabled IoV based on DRL,"Wu, Q. et al.",2024,arXiv,本稿では、DRL（深層強化学習）に基づくC-V2X対応IoVにおけるAoI（Age of Information）とエネルギー消費の共同最適化を提案します。このアプローチは、C-V2X対応IoVにおけるAoIとエネルギー消費を最適化します。,"Joint Optimization, AoI (Age of Information), Energy Consumption, C-V2X Enabled IoV, DRL (Deep Reinforcement Learning)"
50,A Q-Learning Approach for Sidelink Joint Communication and Sensing in NR-V2X,"Zhang, C. et al.",2025,Sensors,本稿では、NR-V2Xにおけるサイドリンク共同通信およびセンシングのためのQ学習アプローチを提案します。このアプローチは、NR-V2Xにおける通信とセンシングの性能を向上させます。,"Q-Learning Approach, Sidelink Joint Communication and Sensing, NR-V2X"
51,Event-Triggered Reinforcement Learning Based Joint Resource Allocation for URLLC V2X,"Khan, N. & Coleri, S.",2024,IEEE Transactions on Vehicular Technology,本稿では、URLLC（Ultra-Reliable Low-Latency Communications）V2Xのためのイベントトリガー型強化学習に基づく共同リソース割り当てを提案します。このアプローチは、URLLC V2Xにおける信頼性と低遅延を保証しながら、効率的なリソース割り当てを可能にします。,"Event-Triggered Reinforcement Learning, Joint Resource Allocation, URLLC V2X"
52,A Flexible Graph Neural Network for Resource Distribution in V2X Wireless Networks,"Kumar, S. et al.",2024,IEEE Vehicular Technology Conference (VTC-Spring),本稿では、V2X無線ネットワークにおけるリソース分散のための柔軟なグラフニューラルネットワークを提案します。このアプローチは、V2X無線ネットワークにおける効率的なリソース分散を可能にします。,"Flexible Graph Neural Network, Resource Distribution, V2X Wireless Networks"
53,A Survey on Artificial-Intelligence-Based Internet of Vehicles Utilizing Unmanned Aerial Vehicles,"Khan, I. U. et al.",2024,Drones,本論文は、無人航空機（UAV）を利用した人工知能ベースのInternet of Vehiclesに関する調査です。様々なAIベースの技術をレビューし、その適用可能性と課題について議論します。,"Artificial-Intelligence-Based, Internet of Vehicles, Unmanned Aerial Vehicles (UAVs), Survey"
54,"An Investigation on Open-RAN Specifications: Use Cases, Security Threats, and AI-based Solutions","Al-Dulaimi, A. et al.",2024,CMES-Computer Modeling in Engineering & Sciences,本論文は、Open-RAN仕様に関する調査です。ユースケース、セキュリティ脅威、AIベースのソリューションについて議論します。,"Open-RAN Specifications, Use Cases, Security Threats, AI-based Solutions"
55,Self-Adapted Resource Allocation in V2X Communication using Deep Reinforcement Learning,"Jamal, M. et al.",2023,Journal of Sensor and Actuator Networks,本稿では、深層強化学習を用いたV2X通信における自己適応型リソース割り当てを提案します。このアプローチは、動的なV2X環境において効率的なリソース割り当てを可能にします。,"Self-Adapted Resource Allocation, V2X Communication, Deep Reinforcement Learning"
56,Meta-Reinforcement Learning Based Resource Allocation for Dynamic V2X Communications,"Yuan, Y. et al.",2021,IEEE Transactions on Vehicular Technology,本稿では、動的なV2X通信のためのメタ強化学習に基づくリソース割り当てを提案します。このアプローチは、動的なV2X環境において効率的なリソース割り当てを可能にします。,"Meta-Reinforcement Learning, Resource Allocation, Dynamic V2X Communications"
57,Graph-based Resource Allocation for V2X communications in typical road scenarios,"Jiang, W. et al.",2022,IEEE International Conference on Communications (ICC),本稿では、典型的な道路シナリオにおけるV2X通信のためのグラフベースのリソース割り当てを提案します。このアプローチは、V2X通信における効率的なリソース割り当てを可能にします。,"Graph-based Resource Allocation, V2X communications, Road Scenarios"
58,A Comprehensive Survey on Joint Resource Allocation Strategies in Federated Edge Learning,"Zhang, L. et al.",2024,IEEE Communications Surveys & Tutorials,本論文は、連合エッジ学習における共同リソース割り当て戦略に関する包括的な調査です。様々な戦略をレビューし、その適用可能性と課題について議論します。,"Joint Resource Allocation Strategies, Federated Edge Learning, Survey"
59,VaN3Twin: the Multi-Technology V2X Digital Twin with Ray-Tracing in the Loop,"Todisco, V. et al.",2025,arXiv,本稿では、レイトレーシングをループに組み込んだマルチテクノロジーV2XデジタルツインであるVaN3Twinを提案します。,"VaN3Twin, Multi-Technology V2X Digital Twin, Ray-Tracing"
60,Ns3 meets Sionna: Using Realistic Channels in Network Simulation,"Zubow, A. et al.",2024,"Proceedings of the 22nd ACM International Conference on Mobile Systems, Applications, and Services",本稿では、Sionna Ray Tracerに基づくns-3用のトレースベースチャネルモデルであるSioLENAを提案します。,"Ns3, Sionna, Realistic Channels, Network Simulation"
61,SioLENA: A Trace-based Channel Model for ns-3 based on Sionna Ray Tracer,"Pilz, Y. et al.",2025,arXiv,本稿では、Sionna Ray Tracerに基づくns-3用のトレースベースチャネルモデルであるSioLENAを提案します。,"SioLENA, Trace-based Channel Model, ns-3, Sionna Ray Tracer"
62,High Frequency RF Propagation Models in Dense 6G Networks: Challenges and Optimization,"Kumar, A. et al.",2024,Journal of Engineering Research,本論文は、高周波RF伝搬モデルにおける課題と最適化に関するものです。,"High Frequency RF Propagation Models, 6G Networks, Challenges, Optimization"
63,World Model-Based Learning for Long-Term Age of Information Minimization in Vehicular Networks,"Wang, Z. et al.",2025,arXiv,本稿では、車両ネットワークにおける長期的な情報鮮度（AoI）最小化のためのワールドモデルベース学習を提案します。,"World Model-Based Learning, Long-Term Age of Information (AoI) Minimization, Vehicular Networks"
64,ViT LoS V2X: Vision Transformers for Environment-Aware LoS Blockage Prediction for 6G Vehicular Networks,"Gharsallah, G. & Kaddoum, G.",2024,IEEE Access,本稿では、6G車両ネットワークにおける環境認識型LoS（Line-of-Sight）遮蔽予測のためのVision TransformersであるViT LoS V2Xを提案します。,"ViT LoS V2X, Vision Transformers, Environment-Aware LoS Blockage Prediction, 6G Vehicular Networks"
65,Sionna: An Open-Source Library for Next-Generation Physical Layer Research,"Hoydis, J. et al.",2022,IEEE International Conference on Communications (ICC),本論文は、次世代物理層研究のためのオープンソースライブラリであるSionnaに関するものです。,"Sionna, Open-Source Library, Next-Generation Physical Layer Research"
66,Accurate Simulation of Wireless Vehicular Networks Based on Ray Tracing and Physical Layer Simulation,"Gaugel, T. et al.",2012,High Performance Computing in Science and Engineering '11,本稿では、レイトレーシングと物理層シミュレーションに基づく無線車両ネットワークの正確なシミュレーションについて検討します。,"Accurate Simulation, Wireless Vehicular Networks, Ray Tracing, Physical Layer Simulation"
67,OpenCAMS: An Open-Source Co-Simulation Platform for Connected and Automated Mobility Systems,"Rahman, M. M. et al.",2025,arXiv,本稿では、接続された自動運転モビリティシステムのためのオープンソース共同シミュレーションプラットフォームであるOpenCAMSを提案します。,"OpenCAMS, Open-Source Co-Simulation Platform, Connected and Automated Mobility Systems"
68,A Comprehensive V2X Simulation System for Connected Driving in Mixed Traffic Environments,"Shi, Y. et al.",2023,MODSIM World Conference,本稿では、混合交通環境における接続された運転のための包括的なV2Xシミュレーションシステムを提案します。,"Comprehensive V2X Simulation System, Connected Driving, Mixed Traffic Environments"
69,An Integrated Simulation Environment for Testing V2X Protocols and Applications,"Choudhury, A. et al.",2016,Procedia Computer Science,本稿では、V2Xプロトコルとアプリケーションのテストのための統合シミュレーション環境を提案します。,"Integrated Simulation Environment, V2X Protocols, V2X Applications"
70,Real-World V2X Data-Driven Traffic Scenario Generation for Autonomous Driving Simulation,"Liu, H. et al.",2024,arXiv,本稿では、自動運転シミュレーションのための実世界V2Xデータ駆動型交通シナリオ生成を提案します。,"Real-World V2X Data-Driven, Traffic Scenario Generation, Autonomous Driving Simulation"
71,iTETRIS: A Modular Simulation Platform for the Large Scale Evaluation of V2X Applications,"Schiegg, F. A. et al.",2012,Simulation Tools and Techniques (SIMUTools),本稿では、V2Xアプリケーションの大規模評価のためのモジュール型シミュレーションプラットフォームであるiTETRISを提案します。,"iTETRIS, Modular Simulation Platform, Large Scale Evaluation, V2X Applications"
72,Bidirectionally Coupled Network and Road Traffic Simulation for Improved IVC Analysis,"Sommer, C. et al.",2011,IEEE Transactions on Mobile Computing,本稿では、改善されたIVC（Inter-Vehicle Communication）分析のための双方向結合ネットワークおよび道路交通シミュレーションについて検討します。,"Bidirectionally Coupled, Network and Road Traffic Simulation, IVC Analysis"
73,Microscopic Traffic Simulation using SUMO,"Lopez, P. A. et al.",2018,IEEE International Conference on Intelligent Transportation Systems (ITSC),本稿では、SUMOを用いたミクロ交通シミュレーションについて検討します。,"Microscopic Traffic Simulation, SUMO"
74,The ns-3 Network Simulator,"Riley, G. F. & Henderson, T. R.",2010,Modeling and Tools for Network Simulation,本論文は、ns-3ネットワークシミュレータに関するものです。,ns-3 Network Simulator
75,A Survey on the Role of Artificial Intelligence and Machine Learning in 6G-V2X Applications,"Al-Dulaimi, A. et al.",2025,arXiv,本論文は、6G-V2Xアプリケーションにおける人工知能と機械学習の役割に関する調査です。,"Artificial Intelligence, Machine Learning, 6G-V2X Applications, Survey"
76,Resource Allocation in C-V2X: A review,"Tahi, T. Z.",2024,arXiv,本論文は、C-V2Xにおけるリソース割り当てに関するレビューです。,"Resource Allocation, C-V2X, Review"
77,"Towards 6G V2X Sidelink: Survey of Resource Allocation - Mathematical Formulations, Challenges, and Proposed Solutions","Annu & Rajalakshmi, P.",2024,IEEE Open Journal of Vehicular Technology,本論文は、6G V2Xサイドリンクに関する調査です。数学的定式化、課題、提案されたソリューションについて議論します。,"6G V2X Sidelink, Survey, Mathematical Formulations, Challenges, Solutions"
78,Vehicle to Everything (V2X) – A Survey on Standards and Operational Strategies,"Mohammadi, J. et al.",2022,IEEE Power & Energy Society General Meeting,本論文は、Vehicle to Everything (V2X) における標準と運用戦略に関する調査です。,"Vehicle to Everything (V2X), Standards, Operational Strategies, Survey"
79,A Comprehensive Survey on Challenges and Issues in V2X and V2V Communication in 6G Future Generation Communication Models,"Kumar, A. et al.",2023,International Journal of Interactive Mobile Technologies,本論文は、6G次世代通信モデルにおけるV2XおよびV2V通信の課題と問題に関する包括的な調査です。,"Challenges and Issues, V2X, V2V Communication, 6G Future Generation Communication Models, Survey"
80,A Survey on Radio Resource Allocation for V2X Communication,"Masmoudi, A. & Frikha, M.",2019,Wireless Communications and Mobile Computing,本論文は、V2X通信のための無線リソース割り当てに関する調査です。,"Radio Resource Allocation, V2X Communication, Survey"
81,Resource Allocation Modes in C-V2X: From LTE-V2X to 5G-V2X,"Sehla, K. et al.",2022,IEEE Internet of Things Journal,本論文は、C-V2Xにおけるリソース割り当てモードに関するものです。LTE-V2Xから5G-V2Xまでをカバーします。,"Resource Allocation Modes, C-V2X, LTE-V2X, 5G-V2X"
82,"A Comprehensive Survey on Machine Learning in Vehicular Network: Technology, Applications and Challenges","Tang, F. et al.",2021,IEEE Communications Surveys & Tutorials,本論文は、車両ネットワークにおける機械学習に関する包括的な調査です。技術、アプリケーション、課題について議論します。,"Machine Learning, Vehicular Network, Technology, Applications, Challenges, Survey"
83,"6G for Vehicle-to-Everything (V2X) Communications: Enabling Technologies, Challenges, and Opportunities","Noor-A-Rahim, M. et al.",2022,IEEE Communications Magazine,本論文は、6G for Vehicle-to-Everything (V2X) Communicationsに関するものです。実現技術、課題、機会について議論します。,"6G, Vehicle-to-Everything (V2X) Communications, Enabling Technologies, Challenges, Opportunities"
84,On the Design of Sidelink for Cellular V2X: A Literature Review and Outlook for Future,"Bazzi, A. et al.",2021,IEEE Access,本論文は、セルラーV2Xのためのサイドリンクの設計に関するものです。文献レビューと将来の展望について議論します。,"Sidelink, Cellular V2X, Literature Review, Outlook"
85,"3GPP NR V2X Mode 2: Overview, Models and System-Level Evaluation","Ali, Z. et al.",2021,IEEE Access,本論文は、3GPP NR V2Xモード2に関するものです。概要、モデル、システムレベル評価について議論します。,"3GPP NR V2X Mode 2, Overview, Models, System-Level Evaluation"
86,Performance Analysis of Sidelink 5G-V2X Mode 2 through an Open-Source Simulator,"Todisco, V. et al.",2021,IEEE Access,本論文は、オープンソースシミュレータを通じたサイドリンク5G-V2Xモード2の性能分析に関するものです。,"Performance Analysis, Sidelink 5G-V2X Mode 2, Open-Source Simulator"
87,Latency and Reliability of 5G NR V2X Sidelink Communications,"Molina-Galan, A. et al.",2021,IEEE Access,本論文は、5G NR V2Xサイドリンク通信の遅延と信頼性に関するものです。,"Latency, Reliability, 5G NR V2X Sidelink Communications"
88,Performance Optimization of Low-Latency Services: A Survey of CCA and AQM,"Zhang, Y. et al.",2024,Journal of Tsinghua University (Science and Technology),本論文は、低遅延サービスの性能最適化に関する調査です。CCA（Congestion Control Algorithm）とAQM（Active Queue Management）について議論します。,"Performance Optimization, Low-Latency Services, CCA (Congestion Control Algorithm), AQM (Active Queue Management), Survey"
89,Joint Optimal Allocation of Wireless Resource and MEC Computation Capability in Vehicular Network,"Zhu, M. et al.",2020,IEEE Transactions on Vehicular Technology,本稿では、車両ネットワークにおける無線リソースとMEC（Mobile Edge Computing）計算能力の共同最適割り当てを提案します。,"Joint Optimal Allocation, Wireless Resource, MEC Computation Capability, Vehicular Network"
90,Fair-Access Scheme for V2I Communications in Platoon-Based Vehicular Networks,"Chen, Y-C. et al.",2022,IEEE Vehicular Technology Conference (VTC-Spring),本稿では、プラトーンベースの車両ネットワークにおけるV2I通信のための公平なアクセス方式を提案します。,"Fair-Access Scheme, V2I Communications, Platoon-Based Vehicular Networks"
91,Towards 6G: Intelligent Reflecting Surface in Vehicular Communications,"Khan, M. A. et al.",2022,IEEE Transactions on Vehicular Technology,本論文は、6Gに向けた車両通信におけるインテリジェント反射面に関するものです。,"6G, Intelligent Reflecting Surface, Vehicular Communications"
92,A Fuzzy-Logic-Assisted Q Learning Model for Resource Allocation in 6G V2X,"Zhang, M. et al.",2023,IEEE Internet of Things Journal,本稿では、6G V2Xにおけるリソース割り当てのためのファジーロジック支援Q学習モデルを提案します。,"Fuzzy-Logic-Assisted Q Learning Model, Resource Allocation, 6G V2X"
93,Edge-Assisted V2X Motion Planning and Power Control Under Channel Uncertainty,"Wang, Z. et al.",2022,IEEE International Conference on Intelligent Transportation Systems (ITSC),本稿では、チャネル不確実性下におけるエッジ支援V2Xモーションプランニングと電力制御を提案します。,"Edge-Assisted V2X, Motion Planning, Power Control, Channel Uncertainty"
94,Mixed-traffic Intersection Management using V2X-enabled Speed Coordination,"Yosodipuro, N. D. et al.",2023,IEEE International Conference on Intelligent Transportation Systems (ITSC),本稿では、V2X対応速度協調を用いた混合交通交差点管理を提案します。,"Mixed-traffic Intersection Management, V2X-enabled Speed Coordination"
95,Delivery Rate Estimation Based Probabilistic Resource Re-scheduling for C-V2X Mode 4,"Kim, J. et al.",2024,Journal of Communications and Networks,本稿では、C-V2Xモード4における配信率推定に基づく確率的リソース再スケジューリングを提案します。,"Delivery Rate Estimation, Probabilistic Resource Re-scheduling, C-V2X Mode 4"
96,Resource Allocation Algorithm for V2X communications based on SCMA,"Wu, W. et al.",2018,IEEE Globecom Workshops,本稿では、SCMA（Sparse Code Multiple Access）に基づくV2X通信のためのリソース割り当てアルゴリズムを提案します。,"Resource Allocation Algorithm, V2X communications, SCMA"
97,Cellular-V2X Communications for Platooning: Design and Evaluation,"Bazzi, A. et al.",2018,Electronics,本論文は、プラトゥーニングのためのセルラーV2X通信に関するものです。設計と評価について議論します。,"Cellular-V2X Communications, Platooning, Design, Evaluation"
98,Optimal Resource Allocation in 6G V2X Open RAN with Multi-Access Edge Computing,"Tlelo-Cuautle, E. et al.",2025,Electronics,本稿では、マルチアクセスエッジコンピューティングを備えた6G V2X Open RANにおける最適なリソース割り当てを提案します。,"Optimal Resource Allocation, 6G V2X Open RAN, Multi-Access Edge Computing"
99,Improving Resource Allocation for beyond 5G V2X Sidelink Connectivity,"Campolo, C. et al.",2021,"Asilomar Conference on Signals, Systems and Computers",本稿では、5Gを超えるV2Xサイドリンク接続のためのリソース割り当ての改善を提案します。,"Improving Resource Allocation, beyond 5G V2X Sidelink Connectivity"
100,Supporting Sporadic DENM Traffic over 5G-V2X Sidelink in the Autonomous Mode,"Romeo, F. et al.",2021,IEEE Vehicular Technology Conference (VTC-Fall),本稿では、自律モードにおける5G-V2Xサイドリンクを介した散発的なDENM（Decentralized Environmental Notification Message）トラフィックのサポートについて検討します。,"Supporting Sporadic DENM Traffic, 5G-V2X Sidelink, Autonomous Mode"
