scenario,condition,count,distance_mean_m,distance_p05_m,distance_median_m,distance_p95_m,snr_db_mean,snr_db_p05,snr_db_median,snr_db_p95,mcs_index_mode,mcs_index_p50,mcs_index_p95,mean_shannon_mbps,mean_mcs_mbps,mcs_shannon_ratio
corner_intersection,All,1220,152.41154749970426,39.63166663162174,149.51891519135629,289.73518413263275,8.493835714375123,-5.112770843001933,8.53222915699807,25.357229156998073,1,3.0,7.0,349.1068782456503,204.35245901639345,0.5853578710431483
corner_intersection,LOS,674,132.91209947420217,29.34802063125726,125.75050750475911,277.56400000000014,16.22366832613754,4.021229156998067,16.802229156998067,27.422729156998095,6,5.0,7.0,553.6045614235882,322.6142433234421,0.5827521407949441
corner_intersection,NLOS,546,176.48229469602,82.39258036983671,174.44198032583785,299.432379305007,-1.0481188283499119,-5.252770843001927,-1.9977708430019279,4.0647291569980695,1,1.0,2.0,96.66834626409336,58.366300366300365,0.6037788233890584
corner_intersection,prop_mode=D,1054,151.115088612279,37.77000000000001,150.55412117182078,283.10303666395873,7.291745286030331,-5.172770843001935,3.2772291569980707,25.577229156998065,1,2.0,7.0,318.8609925356557,186.98861480075902,0.5864267476362746
corner_intersection,prop_mode=K,166,160.64328043552476,49.91999999999999,143.13,302.82,16.126385783504098,9.532229156998067,16.382229156998072,24.017229156998077,5,5.0,6.0,541.150032091037,314.6024096385542,0.5813589411108618
corner_intersection,LOS & D,514,123.14334009515623,23.08480352213128,123.52717090225997,243.71387487670475,16.216061841822977,0.10022915699807325,17.167229156998076,29.187229156998058,6,5.0,7.0,556.2851945361105,324.0856031128405,0.5825889423195909
corner_intersection,LOS & K,160,164.29423897938713,53.098934030548065,144.245,302.897,16.248104156998075,9.974729156998075,16.527229156998068,24.017229156998077,5,5.0,6.0,544.9930275496098,317.8875,0.5832872787919534
corner_intersection,NLOS & D,540,177.7400492378366,84.14465069582143,175.04772520658474,299.68596451031203,-1.2028819541130376,-5.252770843001927,-2.047770843001927,3.898229156998081,1,1.0,2.0,92.86832618707483,56.492592592592594,0.6083085042234248
corner_intersection,NLOS & K,6,63.284385932527776,36.56383691375207,73.6439053825909,77.73007783348734,12.880562490331402,9.427229156998072,9.537229156998066,19.932229156998073,3,3.0,5.75,438.6701531957597,227.0,0.5174730907637102
