timestamp,vehicle_id,selected_action_type,selected_bs_id,selected_relay_id,accepted,opt_rate_used,truth_rate_mcs_effective,method,objective
0.0,vehicle_0,direct,BS_1,-1,1,88.0,148.0,proposed_optimal_dkmcs,throughput
1.0,vehicle_0,direct,BS_1,-1,1,88.0,148.0,proposed_optimal_dkmcs,throughput
2.0,vehicle_0,direct,BS_1,-1,1,88.0,240.0,proposed_optimal_dkmcs,throughput
3.0,vehicle_0,direct,BS_1,-1,1,148.0,240.0,proposed_optimal_dkmcs,throughput
4.0,vehicle_0,direct,BS_1,-1,1,88.0,240.0,proposed_optimal_dkmcs,throughput
5.0,vehicle_2,direct,BS_1,-1,1,148.0,240.0,proposed_optimal_dkmcs,throughput
5.0,vehicle_1,relay,BS_1,vehicle_0,1,148.0,240.0,proposed_optimal_dkmcs,throughput
5.0,vehicle_0,direct,BS_1,-1,1,148.0,240.0,proposed_optimal_dkmcs,throughput
6.0,vehicle_2,direct,BS_1,-1,1,148.0,240.0,proposed_optimal_dkmcs,throughput
6.0,vehicle_1,relay,BS_1,vehicle_2,1,148.0,240.0,proposed_optimal_dkmcs,throughput
6.0,vehicle_0,relay,BS_1,vehicle_2,1,148.0,240.0,proposed_optimal_dkmcs,throughput
7.0,vehicle_2,relay,BS_1,vehicle_0,1,148.0,240.0,proposed_optimal_dkmcs,throughput
7.0,vehicle_1,relay,BS_1,vehicle_2,1,148.0,240.0,proposed_optimal_dkmcs,throughput
7.0,vehicle_0,relay,BS_1,vehicle_1,1,148.0,240.0,proposed_optimal_dkmcs,throughput
8.0,vehicle_2,direct,BS_1,-1,1,148.0,240.0,proposed_optimal_dkmcs,throughput
8.0,vehicle_1,relay,BS_1,vehicle_0,1,148.0,240.0,proposed_optimal_dkmcs,throughput
8.0,vehicle_0,direct,BS_1,-1,1,148.0,240.0,proposed_optimal_dkmcs,throughput
9.0,vehicle_2,direct,BS_1,-1,1,148.0,240.0,proposed_optimal_dkmcs,throughput
9.0,vehicle_1,relay,BS_1,vehicle_2,1,148.0,240.0,proposed_optimal_dkmcs,throughput
9.0,vehicle_0,relay,BS_1,vehicle_2,1,148.0,240.0,proposed_optimal_dkmcs,throughput
10.0,vehicle_2,relay,BS_1,vehicle_1,1,148.0,240.0,proposed_optimal_dkmcs,throughput
10.0,vehicle_1,direct,BS_1,-1,1,148.0,240.0,proposed_optimal_dkmcs,throughput
10.0,vehicle_0,direct,BS_1,-1,1,148.0,240.0,proposed_optimal_dkmcs,throughput
10.0,flow_west.0,relay,BS_1,vehicle_1,1,148.0,240.0,proposed_optimal_dkmcs,throughput
10.0,flow_east.0,direct,BS_1,-1,1,88.0,240.0,proposed_optimal_dkmcs,throughput
11.0,vehicle_2,relay,BS_1,flow_west.0,1,148.0,240.0,proposed_optimal_dkmcs,throughput
11.0,vehicle_1,direct,BS_1,-1,1,148.0,240.0,proposed_optimal_dkmcs,throughput
11.0,vehicle_0,direct,BS_1,-1,1,148.0,240.0,proposed_optimal_dkmcs,throughput
11.0,flow_west.0,direct,BS_1,-1,1,148.0,240.0,proposed_optimal_dkmcs,throughput
11.0,flow_east.0,direct,BS_1,-1,1,88.0,148.0,proposed_optimal_dkmcs,throughput
12.0,vehicle_2,relay,BS_1,vehicle_1,1,148.0,240.0,proposed_optimal_dkmcs,throughput
12.0,vehicle_1,relay,BS_1,vehicle_0,1,148.0,240.0,proposed_optimal_dkmcs,throughput
12.0,vehicle_0,relay,BS_1,vehicle_1,1,148.0,240.0,proposed_optimal_dkmcs,throughput
12.0,flow_west.0,direct,BS_1,-1,1,148.0,240.0,proposed_optimal_dkmcs,throughput
12.0,flow_east.0,direct,BS_1,-1,1,88.0,148.0,proposed_optimal_dkmcs,throughput
13.0,vehicle_2,relay,BS_1,vehicle_1,1,148.0,240.0,proposed_optimal_dkmcs,throughput
13.0,vehicle_1,relay,BS_1,vehicle_0,1,148.0,240.0,proposed_optimal_dkmcs,throughput
13.0,vehicle_0,relay,BS_1,flow_west.0,1,148.0,240.0,proposed_optimal_dkmcs,throughput
13.0,flow_west.0,direct,BS_1,-1,1,148.0,240.0,proposed_optimal_dkmcs,throughput
13.0,flow_east.0,direct,BS_1,-1,1,88.0,148.0,proposed_optimal_dkmcs,throughput
14.0,vehicle_2,direct,BS_1,-1,1,148.0,330.0,proposed_optimal_dkmcs,throughput
14.0,vehicle_1,relay,BS_1,vehicle_2,1,148.0,330.0,proposed_optimal_dkmcs,throughput
14.0,vehicle_0,relay,BS_1,vehicle_1,1,148.0,240.0,proposed_optimal_dkmcs,throughput
14.0,flow_west.0,relay,BS_1,vehicle_0,1,148.0,240.0,proposed_optimal_dkmcs,throughput
14.0,flow_east.0,direct,BS_1,-1,1,88.0,148.0,proposed_optimal_dkmcs,throughput
15.0,vehicle_2,direct,BS_1,-1,1,240.0,330.0,proposed_optimal_dkmcs,throughput
15.0,vehicle_1,relay,BS_1,vehicle_2,1,240.0,330.0,proposed_optimal_dkmcs,throughput
15.0,vehicle_0,relay,BS_1,vehicle_2,1,240.0,330.0,proposed_optimal_dkmcs,throughput
15.0,flow_west.0,relay,BS_1,vehicle_0,1,148.0,240.0,proposed_optimal_dkmcs,throughput
15.0,flow_east.0,direct,BS_1,-1,1,88.0,148.0,proposed_optimal_dkmcs,throughput
16.0,vehicle_2,direct,BS_1,-1,1,240.0,330.0,proposed_optimal_dkmcs,throughput
16.0,vehicle_1,relay,BS_1,vehicle_2,1,240.0,330.0,proposed_optimal_dkmcs,throughput
16.0,vehicle_0,relay,BS_1,vehicle_2,1,240.0,330.0,proposed_optimal_dkmcs,throughput
16.0,flow_west.0,direct,BS_1,-1,1,148.0,240.0,proposed_optimal_dkmcs,throughput
16.0,flow_east.0,direct,BS_1,-1,1,88.0,148.0,proposed_optimal_dkmcs,throughput
17.0,flow_west.0,direct,BS_1,-1,1,148.0,240.0,proposed_optimal_dkmcs,throughput
17.0,vehicle_2,direct,BS_1,-1,1,240.0,330.0,proposed_optimal_dkmcs,throughput
17.0,vehicle_1,relay,BS_1,flow_west.0,1,148.0,240.0,proposed_optimal_dkmcs,throughput
17.0,vehicle_0,relay,BS_1,vehicle_2,1,240.0,330.0,proposed_optimal_dkmcs,throughput
18.0,flow_west.0,relay,BS_1,vehicle_1,1,148.0,330.0,proposed_optimal_dkmcs,throughput
18.0,vehicle_2,direct,BS_1,-1,1,240.0,330.0,proposed_optimal_dkmcs,throughput
18.0,vehicle_1,relay,BS_1,vehicle_2,1,148.0,240.0,proposed_optimal_dkmcs,throughput
18.0,vehicle_0,relay,BS_1,vehicle_2,1,240.0,330.0,proposed_optimal_dkmcs,throughput
19.0,flow_west.0,relay,BS_1,vehicle_1,1,148.0,240.0,proposed_optimal_dkmcs,throughput
19.0,vehicle_2,relay,BS_1,vehicle_0,1,240.0,330.0,proposed_optimal_dkmcs,throughput
19.0,vehicle_1,relay,BS_1,vehicle_0,1,240.0,330.0,proposed_optimal_dkmcs,throughput
19.0,vehicle_0,relay,BS_1,vehicle_2,1,240.0,330.0,proposed_optimal_dkmcs,throughput
20.0,vehicle_2,direct,BS_1,-1,1,240.0,330.0,proposed_optimal_dkmcs,throughput
20.0,vehicle_1,relay,BS_1,vehicle_0,1,240.0,330.0,proposed_optimal_dkmcs,throughput
20.0,vehicle_0,direct,BS_1,-1,1,240.0,330.0,proposed_optimal_dkmcs,throughput
20.0,flow_west.1,relay,BS_1,vehicle_2,1,240.0,330.0,proposed_optimal_dkmcs,throughput
20.0,flow_west.0,direct,BS_1,-1,1,148.0,240.0,proposed_optimal_dkmcs,throughput
20.0,flow_east.1,relay,BS_1,flow_west.0,1,148.0,240.0,proposed_optimal_dkmcs,throughput
21.0,vehicle_2,relay,BS_1,vehicle_0,1,240.0,330.0,proposed_optimal_dkmcs,throughput
21.0,vehicle_1,relay,BS_1,vehicle_0,1,240.0,330.0,proposed_optimal_dkmcs,throughput
21.0,vehicle_0,direct,BS_1,-1,1,240.0,330.0,proposed_optimal_dkmcs,throughput
21.0,flow_west.1,relay,BS_1,vehicle_0,1,240.0,330.0,proposed_optimal_dkmcs,throughput
21.0,flow_west.0,relay,BS_1,vehicle_0,1,88.0,148.0,proposed_optimal_dkmcs,throughput
21.0,flow_east.1,direct,BS_1,-1,1,88.0,240.0,proposed_optimal_dkmcs,throughput
22.0,vehicle_2,relay,BS_1,flow_west.1,1,240.0,330.0,proposed_optimal_dkmcs,throughput
22.0,vehicle_1,direct,BS_1,-1,1,240.0,330.0,proposed_optimal_dkmcs,throughput
22.0,vehicle_0,relay,BS_1,vehicle_1,1,240.0,330.0,proposed_optimal_dkmcs,throughput
22.0,flow_west.1,direct,BS_1,-1,1,240.0,330.0,proposed_optimal_dkmcs,throughput
22.0,flow_west.0,relay,BS_1,vehicle_0,1,88.0,148.0,proposed_optimal_dkmcs,throughput
22.0,flow_east.1,direct,BS_1,-1,1,88.0,240.0,proposed_optimal_dkmcs,throughput
23.0,vehicle_2,relay,BS_1,flow_west.1,1,240.0,330.0,proposed_optimal_dkmcs,throughput
23.0,vehicle_1,direct,BS_1,-1,1,240.0,330.0,proposed_optimal_dkmcs,throughput
23.0,vehicle_0,direct,BS_1,-1,1,240.0,330.0,proposed_optimal_dkmcs,throughput
23.0,flow_west.1,relay,BS_1,vehicle_0,1,240.0,330.0,proposed_optimal_dkmcs,throughput
23.0,flow_west.0,direct,BS_1,-1,1,88.0,148.0,proposed_optimal_dkmcs,throughput
23.0,flow_east.1,direct,BS_1,-1,1,88.0,240.0,proposed_optimal_dkmcs,throughput
24.0,vehicle_2,relay,BS_1,flow_west.1,1,240.0,330.0,proposed_optimal_dkmcs,throughput
24.0,vehicle_1,relay,BS_1,flow_west.1,1,240.0,330.0,proposed_optimal_dkmcs,throughput
24.0,vehicle_0,relay,BS_1,vehicle_1,1,240.0,330.0,proposed_optimal_dkmcs,throughput
24.0,flow_west.1,relay,BS_1,vehicle_1,1,240.0,330.0,proposed_optimal_dkmcs,throughput
24.0,flow_west.0,direct,BS_1,-1,1,88.0,148.0,proposed_optimal_dkmcs,throughput
24.0,flow_east.1,relay,BS_1,vehicle_1,1,88.0,148.0,proposed_optimal_dkmcs,throughput
25.0,vehicle_2,direct,BS_1,-1,1,240.0,330.0,proposed_optimal_dkmcs,throughput
25.0,vehicle_1,direct,BS_1,-1,1,240.0,330.0,proposed_optimal_dkmcs,throughput
25.0,vehicle_0,direct,BS_1,-1,1,240.0,330.0,proposed_optimal_dkmcs,throughput
25.0,flow_west.1,direct,BS_1,-1,1,240.0,330.0,proposed_optimal_dkmcs,throughput
25.0,flow_west.0,direct,BS_1,-1,1,88.0,240.0,proposed_optimal_dkmcs,throughput
25.0,flow_east.1,relay,BS_1,vehicle_1,1,88.0,148.0,proposed_optimal_dkmcs,throughput
26.0,vehicle_2,direct,BS_1,-1,1,240.0,330.0,proposed_optimal_dkmcs,throughput
26.0,vehicle_1,relay,BS_1,vehicle_0,1,240.0,330.0,proposed_optimal_dkmcs,throughput
26.0,vehicle_0,direct,BS_1,-1,1,240.0,330.0,proposed_optimal_dkmcs,throughput
26.0,flow_west.1,relay,BS_1,vehicle_1,1,240.0,330.0,proposed_optimal_dkmcs,throughput
26.0,flow_west.0,direct,BS_1,-1,1,88.0,240.0,proposed_optimal_dkmcs,throughput
26.0,flow_east.1,direct,BS_1,-1,1,88.0,240.0,proposed_optimal_dkmcs,throughput
27.0,vehicle_2,direct,BS_1,-1,1,240.0,330.0,proposed_optimal_dkmcs,throughput
27.0,vehicle_1,direct,BS_1,-1,1,240.0,330.0,proposed_optimal_dkmcs,throughput
27.0,vehicle_0,relay,BS_1,vehicle_2,1,240.0,330.0,proposed_optimal_dkmcs,throughput
27.0,flow_west.1,direct,BS_1,-1,1,240.0,330.0,proposed_optimal_dkmcs,throughput
27.0,flow_west.0,relay,BS_1,flow_east.1,1,148.0,240.0,proposed_optimal_dkmcs,throughput
27.0,flow_east.1,direct,BS_1,-1,1,148.0,240.0,proposed_optimal_dkmcs,throughput
28.0,vehicle_2,direct,BS_1,-1,1,240.0,330.0,proposed_optimal_dkmcs,throughput
28.0,vehicle_1,relay,BS_1,flow_west.1,1,240.0,330.0,proposed_optimal_dkmcs,throughput
28.0,vehicle_0,relay,BS_1,vehicle_2,1,240.0,330.0,proposed_optimal_dkmcs,throughput
28.0,flow_west.1,direct,BS_1,-1,1,240.0,330.0,proposed_optimal_dkmcs,throughput
28.0,flow_east.1,direct,BS_1,-1,1,148.0,240.0,proposed_optimal_dkmcs,throughput
29.0,vehicle_2,direct,BS_1,-1,1,240.0,330.0,proposed_optimal_dkmcs,throughput
29.0,vehicle_1,direct,BS_1,-1,1,240.0,330.0,proposed_optimal_dkmcs,throughput
29.0,vehicle_0,relay,BS_1,vehicle_2,1,240.0,330.0,proposed_optimal_dkmcs,throughput
29.0,flow_west.1,direct,BS_1,-1,1,240.0,330.0,proposed_optimal_dkmcs,throughput
29.0,flow_east.1,direct,BS_1,-1,1,148.0,240.0,proposed_optimal_dkmcs,throughput
30.0,vehicle_2,direct,BS_1,-1,1,240.0,330.0,proposed_optimal_dkmcs,throughput
30.0,flow_west.2,direct,BS_1,-1,1,88.0,148.0,proposed_optimal_dkmcs,throughput
30.0,vehicle_1,direct,BS_1,-1,1,240.0,330.0,proposed_optimal_dkmcs,throughput
30.0,vehicle_0,direct,BS_1,-1,1,240.0,330.0,proposed_optimal_dkmcs,throughput
30.0,flow_west.1,direct,BS_1,-1,1,148.0,330.0,proposed_optimal_dkmcs,throughput
30.0,flow_east.1,direct,BS_1,-1,1,148.0,240.0,proposed_optimal_dkmcs,throughput
30.0,flow_east.2,direct,BS_1,-1,1,240.0,330.0,proposed_optimal_dkmcs,throughput
31.0,vehicle_2,direct,BS_1,-1,1,240.0,330.0,proposed_optimal_dkmcs,throughput
31.0,flow_west.2,direct,BS_1,-1,1,88.0,148.0,proposed_optimal_dkmcs,throughput
31.0,vehicle_1,relay,BS_1,vehicle_0,1,240.0,330.0,proposed_optimal_dkmcs,throughput
31.0,vehicle_0,direct,BS_1,-1,1,240.0,330.0,proposed_optimal_dkmcs,throughput
31.0,flow_west.1,direct,BS_1,-1,1,148.0,330.0,proposed_optimal_dkmcs,throughput
31.0,flow_east.1,direct,BS_1,-1,1,148.0,240.0,proposed_optimal_dkmcs,throughput
31.0,flow_east.2,relay,BS_1,vehicle_0,1,240.0,330.0,proposed_optimal_dkmcs,throughput
32.0,vehicle_2,relay,BS_1,flow_east.2,1,240.0,330.0,proposed_optimal_dkmcs,throughput
32.0,flow_west.2,direct,BS_1,-1,1,88.0,148.0,proposed_optimal_dkmcs,throughput
32.0,vehicle_1,relay,BS_1,vehicle_0,1,240.0,330.0,proposed_optimal_dkmcs,throughput
32.0,vehicle_0,direct,BS_1,-1,1,240.0,330.0,proposed_optimal_dkmcs,throughput
32.0,flow_west.1,direct,BS_1,-1,1,148.0,330.0,proposed_optimal_dkmcs,throughput
32.0,flow_east.1,direct,BS_1,-1,1,148.0,240.0,proposed_optimal_dkmcs,throughput
32.0,flow_east.2,direct,BS_1,-1,1,240.0,330.0,proposed_optimal_dkmcs,throughput
33.0,vehicle_2,relay,BS_1,vehicle_0,1,240.0,330.0,proposed_optimal_dkmcs,throughput
33.0,flow_west.2,direct,BS_1,-1,1,88.0,148.0,proposed_optimal_dkmcs,throughput
33.0,vehicle_1,direct,BS_1,-1,1,240.0,330.0,proposed_optimal_dkmcs,throughput
33.0,vehicle_0,direct,BS_1,-1,1,240.0,330.0,proposed_optimal_dkmcs,throughput
33.0,flow_west.1,direct,BS_1,-1,1,148.0,330.0,proposed_optimal_dkmcs,throughput
33.0,flow_east.1,direct,BS_1,-1,1,148.0,240.0,proposed_optimal_dkmcs,throughput
33.0,flow_east.2,relay,BS_1,vehicle_0,1,240.0,330.0,proposed_optimal_dkmcs,throughput
34.0,vehicle_2,relay,BS_1,vehicle_0,1,240.0,330.0,proposed_optimal_dkmcs,throughput
34.0,flow_west.2,direct,BS_1,-1,1,88.0,240.0,proposed_optimal_dkmcs,throughput
34.0,vehicle_1,relay,BS_1,vehicle_0,1,240.0,330.0,proposed_optimal_dkmcs,throughput
34.0,vehicle_0,direct,BS_1,-1,1,240.0,330.0,proposed_optimal_dkmcs,throughput
34.0,flow_west.1,direct,BS_1,-1,1,148.0,330.0,proposed_optimal_dkmcs,throughput
34.0,flow_east.1,direct,BS_1,-1,1,148.0,240.0,proposed_optimal_dkmcs,throughput
34.0,flow_east.2,relay,BS_1,vehicle_0,1,240.0,330.0,proposed_optimal_dkmcs,throughput
35.0,vehicle_2,relay,BS_1,vehicle_0,1,240.0,330.0,proposed_optimal_dkmcs,throughput
35.0,flow_west.2,relay,BS_1,flow_east.2,1,88.0,148.0,proposed_optimal_dkmcs,throughput
35.0,vehicle_1,direct,BS_1,-1,1,240.0,330.0,proposed_optimal_dkmcs,throughput
35.0,vehicle_0,direct,BS_1,-1,1,240.0,330.0,proposed_optimal_dkmcs,throughput
35.0,flow_west.1,direct,BS_1,-1,1,148.0,240.0,proposed_optimal_dkmcs,throughput
35.0,flow_east.1,relay,BS_1,flow_west.1,1,148.0,240.0,proposed_optimal_dkmcs,throughput
35.0,flow_east.2,relay,BS_1,vehicle_0,1,240.0,330.0,proposed_optimal_dkmcs,throughput
36.0,vehicle_2,relay,BS_1,vehicle_0,1,240.0,330.0,proposed_optimal_dkmcs,throughput
36.0,flow_west.2,direct,BS_1,-1,1,88.0,240.0,proposed_optimal_dkmcs,throughput
36.0,vehicle_1,direct,BS_1,-1,1,240.0,330.0,proposed_optimal_dkmcs,throughput
36.0,vehicle_0,direct,BS_1,-1,1,240.0,330.0,proposed_optimal_dkmcs,throughput
36.0,flow_west.1,direct,BS_1,-1,1,148.0,240.0,proposed_optimal_dkmcs,throughput
36.0,flow_east.1,direct,BS_1,-1,1,148.0,240.0,proposed_optimal_dkmcs,throughput
36.0,flow_east.2,relay,BS_1,vehicle_0,1,240.0,330.0,proposed_optimal_dkmcs,throughput
37.0,vehicle_2,direct,BS_1,-1,1,148.0,240.0,proposed_optimal_dkmcs,throughput
37.0,flow_west.2,relay,BS_1,vehicle_2,1,148.0,240.0,proposed_optimal_dkmcs,throughput
37.0,vehicle_1,direct,BS_1,-1,1,240.0,330.0,proposed_optimal_dkmcs,throughput
37.0,vehicle_0,relay,BS_1,vehicle_1,1,240.0,330.0,proposed_optimal_dkmcs,throughput
37.0,flow_west.1,direct,BS_1,-1,1,148.0,240.0,proposed_optimal_dkmcs,throughput
37.0,flow_east.1,direct,BS_1,-1,1,148.0,240.0,proposed_optimal_dkmcs,throughput
37.0,flow_east.2,relay,BS_1,vehicle_1,1,148.0,330.0,proposed_optimal_dkmcs,throughput
38.0,vehicle_2,direct,BS_1,-1,1,148.0,240.0,proposed_optimal_dkmcs,throughput
38.0,flow_west.2,relay,BS_1,flow_east.2,1,148.0,240.0,proposed_optimal_dkmcs,throughput
38.0,vehicle_1,direct,BS_1,-1,1,240.0,330.0,proposed_optimal_dkmcs,throughput
38.0,vehicle_0,relay,BS_1,vehicle_1,1,240.0,330.0,proposed_optimal_dkmcs,throughput
38.0,flow_west.1,direct,BS_1,-1,1,148.0,240.0,proposed_optimal_dkmcs,throughput
38.0,flow_east.1,direct,BS_1,-1,1,148.0,240.0,proposed_optimal_dkmcs,throughput
38.0,flow_east.2,relay,BS_1,vehicle_1,1,148.0,330.0,proposed_optimal_dkmcs,throughput
39.0,vehicle_2,direct,BS_1,-1,1,148.0,240.0,proposed_optimal_dkmcs,throughput
39.0,flow_west.2,direct,BS_1,-1,1,148.0,240.0,proposed_optimal_dkmcs,throughput
39.0,vehicle_1,direct,BS_1,-1,1,240.0,330.0,proposed_optimal_dkmcs,throughput
39.0,vehicle_0,relay,BS_1,vehicle_1,1,240.0,330.0,proposed_optimal_dkmcs,throughput
39.0,flow_west.1,direct,BS_1,-1,1,148.0,240.0,proposed_optimal_dkmcs,throughput
39.0,flow_east.1,relay,BS_1,flow_west.1,1,148.0,240.0,proposed_optimal_dkmcs,throughput
39.0,flow_east.2,relay,BS_1,vehicle_1,1,148.0,330.0,proposed_optimal_dkmcs,throughput
40.0,vehicle_2,relay,BS_1,flow_east.2,1,148.0,240.0,proposed_optimal_dkmcs,throughput
40.0,flow_west.2,relay,BS_1,flow_east.2,1,148.0,240.0,proposed_optimal_dkmcs,throughput
40.0,vehicle_1,direct,BS_1,-1,1,240.0,330.0,proposed_optimal_dkmcs,throughput
40.0,vehicle_0,relay,BS_1,vehicle_1,1,240.0,330.0,proposed_optimal_dkmcs,throughput
40.0,flow_west.1,relay,BS_1,flow_east.1,1,148.0,330.0,proposed_optimal_dkmcs,throughput
40.0,flow_east.1,relay,BS_1,flow_west.1,1,148.0,240.0,proposed_optimal_dkmcs,throughput
40.0,flow_west.3,direct,BS_1,-1,1,148.0,240.0,proposed_optimal_dkmcs,throughput
40.0,flow_east.2,direct,BS_1,-1,1,148.0,240.0,proposed_optimal_dkmcs,throughput
41.0,vehicle_2,relay,BS_1,flow_east.2,1,148.0,240.0,proposed_optimal_dkmcs,throughput
41.0,flow_west.2,relay,BS_1,flow_east.2,1,148.0,240.0,proposed_optimal_dkmcs,throughput
41.0,vehicle_1,relay,BS_1,flow_east.2,1,148.0,240.0,proposed_optimal_dkmcs,throughput
41.0,vehicle_0,relay,BS_1,flow_east.2,1,148.0,240.0,proposed_optimal_dkmcs,throughput
41.0,flow_east.3,direct,BS_1,-1,1,240.0,330.0,proposed_optimal_dkmcs,throughput
41.0,flow_west.1,relay,BS_1,flow_east.1,1,148.0,240.0,proposed_optimal_dkmcs,throughput
41.0,flow_east.1,direct,BS_1,-1,1,148.0,330.0,proposed_optimal_dkmcs,throughput
41.0,flow_west.3,direct,BS_1,-1,1,148.0,240.0,proposed_optimal_dkmcs,throughput
41.0,flow_east.2,direct,BS_1,-1,1,148.0,240.0,proposed_optimal_dkmcs,throughput
42.0,vehicle_2,relay,BS_1,flow_east.2,1,148.0,240.0,proposed_optimal_dkmcs,throughput
42.0,flow_west.2,relay,BS_1,flow_east.2,1,148.0,240.0,proposed_optimal_dkmcs,throughput
42.0,vehicle_1,relay,BS_1,flow_east.2,1,148.0,240.0,proposed_optimal_dkmcs,throughput
42.0,vehicle_0,relay,BS_1,flow_east.2,1,148.0,240.0,proposed_optimal_dkmcs,throughput
42.0,flow_east.3,direct,BS_1,-1,1,240.0,330.0,proposed_optimal_dkmcs,throughput
42.0,flow_west.1,direct,BS_1,-1,1,148.0,240.0,proposed_optimal_dkmcs,throughput
42.0,flow_east.1,direct,BS_1,-1,1,148.0,330.0,proposed_optimal_dkmcs,throughput
42.0,flow_west.3,direct,BS_1,-1,1,148.0,240.0,proposed_optimal_dkmcs,throughput
42.0,flow_east.2,direct,BS_1,-1,1,148.0,240.0,proposed_optimal_dkmcs,throughput
43.0,vehicle_2,relay,BS_1,flow_east.2,1,148.0,240.0,proposed_optimal_dkmcs,throughput
43.0,flow_west.2,relay,BS_1,flow_east.2,1,148.0,240.0,proposed_optimal_dkmcs,throughput
43.0,vehicle_1,relay,BS_1,flow_east.2,1,148.0,240.0,proposed_optimal_dkmcs,throughput
43.0,vehicle_0,relay,BS_1,flow_east.2,1,148.0,240.0,proposed_optimal_dkmcs,throughput
43.0,flow_east.3,direct,BS_1,-1,1,240.0,330.0,proposed_optimal_dkmcs,throughput
43.0,flow_west.1,relay,BS_1,flow_east.1,1,148.0,240.0,proposed_optimal_dkmcs,throughput
43.0,flow_east.1,relay,BS_1,flow_west.1,1,148.0,240.0,proposed_optimal_dkmcs,throughput
43.0,flow_west.3,direct,BS_1,-1,1,148.0,240.0,proposed_optimal_dkmcs,throughput
43.0,flow_east.2,direct,BS_1,-1,1,148.0,240.0,proposed_optimal_dkmcs,throughput
44.0,vehicle_2,relay,BS_1,flow_east.2,1,148.0,240.0,proposed_optimal_dkmcs,throughput
44.0,flow_west.2,relay,BS_1,flow_east.2,1,148.0,240.0,proposed_optimal_dkmcs,throughput
44.0,vehicle_1,relay,BS_1,flow_east.2,1,148.0,240.0,proposed_optimal_dkmcs,throughput
44.0,vehicle_0,relay,BS_1,flow_east.2,1,148.0,240.0,proposed_optimal_dkmcs,throughput
44.0,flow_east.3,direct,BS_1,-1,1,240.0,330.0,proposed_optimal_dkmcs,throughput
44.0,flow_west.1,relay,BS_1,flow_east.1,1,88.0,148.0,proposed_optimal_dkmcs,throughput
44.0,flow_east.1,direct,BS_1,-1,1,240.0,330.0,proposed_optimal_dkmcs,throughput
44.0,flow_west.3,direct,BS_1,-1,1,148.0,240.0,proposed_optimal_dkmcs,throughput
44.0,flow_east.2,direct,BS_1,-1,1,148.0,240.0,proposed_optimal_dkmcs,throughput
45.0,vehicle_2,relay,BS_1,flow_east.2,1,148.0,240.0,proposed_optimal_dkmcs,throughput
45.0,flow_west.2,relay,BS_1,flow_east.2,1,148.0,240.0,proposed_optimal_dkmcs,throughput
45.0,vehicle_1,relay,BS_1,flow_east.3,1,148.0,330.0,proposed_optimal_dkmcs,throughput
45.0,vehicle_0,relay,BS_1,flow_east.2,1,148.0,240.0,proposed_optimal_dkmcs,throughput
45.0,flow_east.3,direct,BS_1,-1,1,240.0,330.0,proposed_optimal_dkmcs,throughput
45.0,flow_west.1,direct,BS_1,-1,1,148.0,240.0,proposed_optimal_dkmcs,throughput
45.0,flow_east.1,direct,BS_1,-1,1,240.0,330.0,proposed_optimal_dkmcs,throughput
45.0,flow_west.3,relay,BS_1,flow_east.3,1,240.0,330.0,proposed_optimal_dkmcs,throughput
45.0,flow_east.2,direct,BS_1,-1,1,148.0,240.0,proposed_optimal_dkmcs,throughput
46.0,vehicle_2,relay,BS_1,flow_east.2,1,148.0,240.0,proposed_optimal_dkmcs,throughput
46.0,flow_west.2,relay,BS_1,flow_east.2,1,148.0,240.0,proposed_optimal_dkmcs,throughput
46.0,vehicle_1,relay,BS_1,flow_east.2,1,148.0,240.0,proposed_optimal_dkmcs,throughput
46.0,vehicle_0,relay,BS_1,flow_east.2,1,148.0,240.0,proposed_optimal_dkmcs,throughput
46.0,flow_east.3,direct,BS_1,-1,1,240.0,330.0,proposed_optimal_dkmcs,throughput
46.0,flow_west.1,relay,BS_1,flow_east.1,1,88.0,148.0,proposed_optimal_dkmcs,throughput
46.0,flow_east.1,direct,BS_1,-1,1,240.0,330.0,proposed_optimal_dkmcs,throughput
46.0,flow_west.3,relay,BS_1,flow_east.3,1,240.0,330.0,proposed_optimal_dkmcs,throughput
46.0,flow_east.2,direct,BS_1,-1,1,148.0,240.0,proposed_optimal_dkmcs,throughput
47.0,vehicle_2,relay,BS_1,vehicle_0,1,148.0,240.0,proposed_optimal_dkmcs,throughput
47.0,flow_west.2,relay,BS_1,flow_east.3,1,240.0,330.0,proposed_optimal_dkmcs,throughput
47.0,vehicle_1,relay,BS_1,flow_east.3,1,148.0,330.0,proposed_optimal_dkmcs,throughput
47.0,vehicle_0,relay,BS_1,vehicle_1,1,148.0,240.0,proposed_optimal_dkmcs,throughput
47.0,flow_east.3,direct,BS_1,-1,1,240.0,330.0,proposed_optimal_dkmcs,throughput
47.0,flow_west.1,direct,BS_1,-1,1,88.0,148.0,proposed_optimal_dkmcs,throughput
47.0,flow_east.1,direct,BS_1,-1,1,240.0,330.0,proposed_optimal_dkmcs,throughput
47.0,flow_west.3,relay,BS_1,flow_east.3,1,240.0,330.0,proposed_optimal_dkmcs,throughput
47.0,flow_east.2,relay,BS_1,vehicle_1,1,148.0,240.0,proposed_optimal_dkmcs,throughput
48.0,vehicle_2,relay,BS_1,vehicle_0,1,148.0,240.0,proposed_optimal_dkmcs,throughput
48.0,flow_west.2,relay,BS_1,flow_west.3,1,240.0,330.0,proposed_optimal_dkmcs,throughput
48.0,vehicle_1,relay,BS_1,flow_west.3,1,148.0,240.0,proposed_optimal_dkmcs,throughput
48.0,vehicle_0,relay,BS_1,vehicle_1,1,148.0,240.0,proposed_optimal_dkmcs,throughput
48.0,flow_east.3,relay,BS_1,flow_west.3,1,240.0,330.0,proposed_optimal_dkmcs,throughput
48.0,flow_west.1,direct,BS_1,-1,1,88.0,240.0,proposed_optimal_dkmcs,throughput
48.0,flow_east.1,direct,BS_1,-1,1,240.0,330.0,proposed_optimal_dkmcs,throughput
48.0,flow_west.3,direct,BS_1,-1,1,240.0,330.0,proposed_optimal_dkmcs,throughput
48.0,flow_east.2,relay,BS_1,flow_west.2,1,148.0,240.0,proposed_optimal_dkmcs,throughput
49.0,vehicle_2,relay,BS_1,vehicle_1,1,148.0,240.0,proposed_optimal_dkmcs,throughput
49.0,flow_west.2,relay,BS_1,flow_west.3,1,240.0,330.0,proposed_optimal_dkmcs,throughput
49.0,vehicle_1,relay,BS_1,flow_west.2,1,148.0,330.0,proposed_optimal_dkmcs,throughput
49.0,vehicle_0,relay,BS_1,vehicle_1,1,148.0,240.0,proposed_optimal_dkmcs,throughput
49.0,flow_east.3,relay,BS_1,flow_west.3,1,240.0,330.0,proposed_optimal_dkmcs,throughput
49.0,flow_west.1,direct,BS_1,-1,1,88.0,240.0,proposed_optimal_dkmcs,throughput
49.0,flow_east.1,direct,BS_1,-1,1,240.0,330.0,proposed_optimal_dkmcs,throughput
49.0,flow_west.3,direct,BS_1,-1,1,240.0,330.0,proposed_optimal_dkmcs,throughput
49.0,flow_east.2,relay,BS_1,vehicle_1,1,148.0,240.0,proposed_optimal_dkmcs,throughput
50.0,vehicle_2,relay,BS_1,vehicle_1,1,148.0,240.0,proposed_optimal_dkmcs,throughput
50.0,flow_west.2,relay,BS_1,flow_west.3,1,240.0,330.0,proposed_optimal_dkmcs,throughput
50.0,vehicle_1,relay,BS_1,flow_east.3,1,148.0,330.0,proposed_optimal_dkmcs,throughput
50.0,flow_east.4,relay,BS_1,flow_west.2,1,148.0,330.0,proposed_optimal_dkmcs,throughput
50.0,flow_west.4,relay,BS_1,flow_east.2,1,88.0,240.0,proposed_optimal_dkmcs,throughput
50.0,vehicle_0,relay,BS_1,vehicle_1,1,148.0,240.0,proposed_optimal_dkmcs,throughput
50.0,flow_east.3,relay,BS_1,flow_west.3,1,240.0,330.0,proposed_optimal_dkmcs,throughput
50.0,flow_west.1,direct,BS_1,-1,1,88.0,240.0,proposed_optimal_dkmcs,throughput
50.0,flow_east.1,direct,BS_1,-1,1,240.0,330.0,proposed_optimal_dkmcs,throughput
50.0,flow_west.3,direct,BS_1,-1,1,240.0,330.0,proposed_optimal_dkmcs,throughput
50.0,flow_east.2,relay,BS_1,vehicle_1,1,148.0,240.0,proposed_optimal_dkmcs,throughput
51.0,vehicle_2,relay,BS_1,vehicle_1,1,148.0,240.0,proposed_optimal_dkmcs,throughput
51.0,flow_west.2,relay,BS_1,flow_west.3,1,240.0,330.0,proposed_optimal_dkmcs,throughput
51.0,vehicle_1,relay,BS_1,flow_east.4,1,148.0,240.0,proposed_optimal_dkmcs,throughput
51.0,flow_east.4,relay,BS_1,vehicle_1,1,148.0,240.0,proposed_optimal_dkmcs,throughput
51.0,flow_west.4,relay,BS_1,flow_east.2,1,88.0,240.0,proposed_optimal_dkmcs,throughput
51.0,vehicle_0,relay,BS_1,vehicle_1,1,148.0,240.0,proposed_optimal_dkmcs,throughput
51.0,flow_east.3,relay,BS_1,vehicle_1,1,148.0,240.0,proposed_optimal_dkmcs,throughput
51.0,flow_west.1,direct,BS_1,-1,1,88.0,240.0,proposed_optimal_dkmcs,throughput
51.0,flow_east.1,direct,BS_1,-1,1,240.0,330.0,proposed_optimal_dkmcs,throughput
51.0,flow_west.3,direct,BS_1,-1,1,240.0,330.0,proposed_optimal_dkmcs,throughput
51.0,flow_east.2,relay,BS_1,vehicle_1,1,148.0,240.0,proposed_optimal_dkmcs,throughput
52.0,vehicle_2,relay,BS_1,vehicle_1,1,148.0,240.0,proposed_optimal_dkmcs,throughput
52.0,flow_west.2,relay,BS_1,flow_west.3,1,240.0,330.0,proposed_optimal_dkmcs,throughput
52.0,vehicle_1,relay,BS_1,flow_east.4,1,148.0,240.0,proposed_optimal_dkmcs,throughput
52.0,flow_east.4,relay,BS_1,flow_west.2,1,148.0,240.0,proposed_optimal_dkmcs,throughput
52.0,flow_west.4,relay,BS_1,vehicle_1,1,148.0,240.0,proposed_optimal_dkmcs,throughput
52.0,vehicle_0,relay,BS_1,vehicle_1,1,148.0,240.0,proposed_optimal_dkmcs,throughput
52.0,flow_east.3,relay,BS_1,flow_west.2,1,240.0,330.0,proposed_optimal_dkmcs,throughput
52.0,flow_east.1,relay,BS_1,flow_west.3,1,240.0,330.0,proposed_optimal_dkmcs,throughput
52.0,flow_west.3,relay,BS_1,flow_west.2,1,240.0,330.0,proposed_optimal_dkmcs,throughput
52.0,flow_east.2,relay,BS_1,vehicle_1,1,148.0,240.0,proposed_optimal_dkmcs,throughput
53.0,vehicle_2,relay,BS_1,vehicle_1,1,148.0,240.0,proposed_optimal_dkmcs,throughput
53.0,flow_west.2,relay,BS_1,flow_west.3,1,240.0,330.0,proposed_optimal_dkmcs,throughput
53.0,vehicle_1,relay,BS_1,flow_east.4,1,148.0,240.0,proposed_optimal_dkmcs,throughput
53.0,flow_east.4,relay,BS_1,vehicle_1,1,148.0,240.0,proposed_optimal_dkmcs,throughput
53.0,flow_west.4,relay,BS_1,vehicle_1,1,148.0,240.0,proposed_optimal_dkmcs,throughput
53.0,vehicle_0,relay,BS_1,vehicle_1,1,148.0,240.0,proposed_optimal_dkmcs,throughput
53.0,flow_east.3,direct,BS_1,-1,1,148.0,240.0,proposed_optimal_dkmcs,throughput
53.0,flow_east.1,relay,BS_1,flow_west.3,1,240.0,330.0,proposed_optimal_dkmcs,throughput
53.0,flow_west.3,direct,BS_1,-1,1,240.0,330.0,proposed_optimal_dkmcs,throughput
53.0,flow_east.2,relay,BS_1,vehicle_1,1,148.0,240.0,proposed_optimal_dkmcs,throughput
54.0,vehicle_2,relay,BS_1,flow_east.2,1,88.0,148.0,proposed_optimal_dkmcs,throughput
54.0,flow_west.2,relay,BS_1,flow_west.3,1,240.0,330.0,proposed_optimal_dkmcs,throughput
54.0,vehicle_1,relay,BS_1,flow_east.4,1,148.0,240.0,proposed_optimal_dkmcs,throughput
54.0,flow_east.4,relay,BS_1,flow_east.3,1,148.0,240.0,proposed_optimal_dkmcs,throughput
54.0,flow_west.4,relay,BS_1,flow_east.4,1,148.0,240.0,proposed_optimal_dkmcs,throughput
54.0,vehicle_0,relay,BS_1,flow_east.4,1,148.0,240.0,proposed_optimal_dkmcs,throughput
54.0,flow_east.3,direct,BS_1,-1,1,148.0,240.0,proposed_optimal_dkmcs,throughput
54.0,flow_east.1,relay,BS_1,flow_west.3,1,240.0,330.0,proposed_optimal_dkmcs,throughput
54.0,flow_west.3,direct,BS_1,-1,1,240.0,330.0,proposed_optimal_dkmcs,throughput
54.0,flow_east.2,relay,BS_1,flow_east.4,1,148.0,240.0,proposed_optimal_dkmcs,throughput
55.0,vehicle_2,relay,BS_1,flow_east.2,1,88.0,148.0,proposed_optimal_dkmcs,throughput
55.0,flow_west.2,direct,BS_1,-1,1,240.0,330.0,proposed_optimal_dkmcs,throughput
55.0,vehicle_1,relay,BS_1,flow_east.3,1,148.0,240.0,proposed_optimal_dkmcs,throughput
55.0,flow_east.4,relay,BS_1,flow_east.3,1,148.0,240.0,proposed_optimal_dkmcs,throughput
55.0,flow_west.4,relay,BS_1,flow_east.2,1,88.0,148.0,proposed_optimal_dkmcs,throughput
55.0,vehicle_0,relay,BS_1,flow_west.4,1,88.0,148.0,proposed_optimal_dkmcs,throughput
55.0,flow_east.3,relay,BS_1,flow_west.2,1,148.0,240.0,proposed_optimal_dkmcs,throughput
55.0,flow_east.1,relay,BS_1,flow_west.2,1,240.0,330.0,proposed_optimal_dkmcs,throughput
55.0,flow_west.3,relay,BS_1,flow_west.2,1,240.0,330.0,proposed_optimal_dkmcs,throughput
55.0,flow_east.2,direct,BS_1,-1,1,88.0,148.0,proposed_optimal_dkmcs,throughput
56.0,flow_west.2,relay,BS_1,flow_east.1,1,240.0,330.0,proposed_optimal_dkmcs,throughput
56.0,vehicle_1,relay,BS_1,flow_east.3,1,148.0,240.0,proposed_optimal_dkmcs,throughput
56.0,flow_east.4,relay,BS_1,flow_east.3,1,148.0,240.0,proposed_optimal_dkmcs,throughput
56.0,flow_west.4,relay,BS_1,flow_east.3,1,148.0,240.0,proposed_optimal_dkmcs,throughput
56.0,vehicle_0,relay,BS_1,flow_east.3,1,88.0,240.0,proposed_optimal_dkmcs,throughput
56.0,flow_east.3,direct,BS_1,-1,1,148.0,240.0,proposed_optimal_dkmcs,throughput
56.0,flow_east.1,relay,BS_1,flow_west.2,1,240.0,330.0,proposed_optimal_dkmcs,throughput
56.0,flow_west.3,relay,BS_1,flow_east.1,1,240.0,330.0,proposed_optimal_dkmcs,throughput
56.0,flow_east.2,relay,BS_1,flow_east.3,1,88.0,148.0,proposed_optimal_dkmcs,throughput
57.0,flow_west.2,relay,BS_1,flow_east.1,1,240.0,330.0,proposed_optimal_dkmcs,throughput
57.0,vehicle_1,relay,BS_1,flow_east.3,1,148.0,240.0,proposed_optimal_dkmcs,throughput
57.0,flow_east.4,relay,BS_1,flow_east.3,1,148.0,240.0,proposed_optimal_dkmcs,throughput
57.0,flow_west.4,relay,BS_1,flow_east.3,1,148.0,240.0,proposed_optimal_dkmcs,throughput
57.0,vehicle_0,relay,BS_1,flow_east.3,1,88.0,240.0,proposed_optimal_dkmcs,throughput
57.0,flow_east.3,direct,BS_1,-1,1,148.0,240.0,proposed_optimal_dkmcs,throughput
57.0,flow_east.1,relay,BS_1,flow_west.2,1,240.0,330.0,proposed_optimal_dkmcs,throughput
57.0,flow_west.3,relay,BS_1,flow_east.1,1,240.0,330.0,proposed_optimal_dkmcs,throughput
57.0,flow_east.2,relay,BS_1,flow_east.3,1,88.0,148.0,proposed_optimal_dkmcs,throughput
58.0,flow_west.2,relay,BS_1,flow_east.1,1,240.0,330.0,proposed_optimal_dkmcs,throughput
58.0,vehicle_1,relay,BS_1,flow_east.3,1,148.0,240.0,proposed_optimal_dkmcs,throughput
58.0,flow_east.4,relay,BS_1,flow_east.3,1,148.0,240.0,proposed_optimal_dkmcs,throughput
58.0,flow_west.4,relay,BS_1,flow_east.3,1,148.0,240.0,proposed_optimal_dkmcs,throughput
58.0,vehicle_0,relay,BS_1,flow_east.3,1,88.0,240.0,proposed_optimal_dkmcs,throughput
58.0,flow_east.3,direct,BS_1,-1,1,148.0,240.0,proposed_optimal_dkmcs,throughput
58.0,flow_east.1,relay,BS_1,flow_west.2,1,240.0,330.0,proposed_optimal_dkmcs,throughput
58.0,flow_west.3,relay,BS_1,flow_east.1,1,240.0,330.0,proposed_optimal_dkmcs,throughput
58.0,flow_east.2,relay,BS_1,flow_east.3,1,88.0,148.0,proposed_optimal_dkmcs,throughput
59.0,flow_west.2,relay,BS_1,flow_east.1,1,240.0,330.0,proposed_optimal_dkmcs,throughput
59.0,vehicle_1,relay,BS_1,flow_east.3,1,148.0,240.0,proposed_optimal_dkmcs,throughput
59.0,flow_east.4,relay,BS_1,flow_east.3,1,148.0,240.0,proposed_optimal_dkmcs,throughput
59.0,flow_west.4,relay,BS_1,flow_east.3,1,148.0,240.0,proposed_optimal_dkmcs,throughput
59.0,vehicle_0,relay,BS_1,flow_east.3,1,88.0,240.0,proposed_optimal_dkmcs,throughput
59.0,flow_east.3,direct,BS_1,-1,1,148.0,240.0,proposed_optimal_dkmcs,throughput
59.0,flow_east.1,relay,BS_1,flow_west.2,1,240.0,330.0,proposed_optimal_dkmcs,throughput
59.0,flow_west.3,relay,BS_1,flow_west.2,1,240.0,330.0,proposed_optimal_dkmcs,throughput
59.0,flow_east.2,relay,BS_1,flow_east.3,1,88.0,148.0,proposed_optimal_dkmcs,throughput
60.0,flow_west.2,relay,BS_1,flow_east.1,1,240.0,330.0,proposed_optimal_dkmcs,throughput
60.0,vehicle_1,relay,BS_1,flow_east.3,1,148.0,240.0,proposed_optimal_dkmcs,throughput
60.0,flow_east.4,relay,BS_1,flow_east.3,1,148.0,240.0,proposed_optimal_dkmcs,throughput
60.0,flow_west.4,relay,BS_1,flow_east.3,1,148.0,240.0,proposed_optimal_dkmcs,throughput
60.0,vehicle_0,relay,BS_1,flow_east.3,1,88.0,240.0,proposed_optimal_dkmcs,throughput
60.0,flow_east.3,direct,BS_1,-1,1,148.0,240.0,proposed_optimal_dkmcs,throughput
60.0,flow_west.5,relay,BS_1,flow_east.1,1,240.0,330.0,proposed_optimal_dkmcs,throughput
60.0,flow_east.1,relay,BS_1,flow_west.5,1,240.0,330.0,proposed_optimal_dkmcs,throughput
60.0,flow_east.5,direct,BS_1,-1,1,148.0,330.0,proposed_optimal_dkmcs,throughput
60.0,flow_west.3,direct,BS_1,-1,1,240.0,330.0,proposed_optimal_dkmcs,throughput
61.0,flow_west.2,relay,BS_1,flow_west.5,1,240.0,330.0,proposed_optimal_dkmcs,throughput
61.0,vehicle_1,relay,BS_1,flow_east.3,1,148.0,240.0,proposed_optimal_dkmcs,throughput
61.0,flow_east.4,relay,BS_1,flow_east.3,1,148.0,240.0,proposed_optimal_dkmcs,throughput
61.0,flow_west.4,relay,BS_1,flow_east.3,1,148.0,240.0,proposed_optimal_dkmcs,throughput
61.0,flow_east.3,direct,BS_1,-1,1,148.0,240.0,proposed_optimal_dkmcs,throughput
61.0,flow_west.5,direct,BS_1,-1,1,240.0,330.0,proposed_optimal_dkmcs,throughput
61.0,flow_east.1,relay,BS_1,flow_west.5,1,240.0,330.0,proposed_optimal_dkmcs,throughput
61.0,flow_east.5,relay,BS_1,flow_east.3,1,148.0,240.0,proposed_optimal_dkmcs,throughput
61.0,flow_west.3,direct,BS_1,-1,1,240.0,330.0,proposed_optimal_dkmcs,throughput
62.0,flow_west.2,relay,BS_1,flow_west.3,1,240.0,330.0,proposed_optimal_dkmcs,throughput
62.0,vehicle_1,relay,BS_1,flow_west.4,1,148.0,240.0,proposed_optimal_dkmcs,throughput
62.0,flow_east.4,relay,BS_1,flow_west.4,1,148.0,240.0,proposed_optimal_dkmcs,throughput
62.0,flow_west.4,relay,BS_1,flow_east.5,1,148.0,240.0,proposed_optimal_dkmcs,throughput
62.0,flow_east.3,relay,BS_1,flow_west.4,1,148.0,240.0,proposed_optimal_dkmcs,throughput
62.0,flow_west.5,relay,BS_1,flow_west.2,1,240.0,330.0,proposed_optimal_dkmcs,throughput
62.0,flow_east.1,direct,BS_1,-1,1,240.0,330.0,proposed_optimal_dkmcs,throughput
62.0,flow_east.5,relay,BS_1,flow_west.4,1,148.0,240.0,proposed_optimal_dkmcs,throughput
62.0,flow_west.3,relay,BS_1,flow_west.2,1,240.0,330.0,proposed_optimal_dkmcs,throughput
63.0,flow_west.2,relay,BS_1,flow_west.3,1,240.0,330.0,proposed_optimal_dkmcs,throughput
63.0,vehicle_1,direct,BS_1,-1,1,88.0,148.0,proposed_optimal_dkmcs,throughput
63.0,flow_east.4,direct,BS_1,-1,1,88.0,148.0,proposed_optimal_dkmcs,throughput
63.0,flow_west.4,relay,BS_1,flow_east.5,1,148.0,240.0,proposed_optimal_dkmcs,throughput
63.0,flow_east.3,relay,BS_1,flow_east.5,1,148.0,240.0,proposed_optimal_dkmcs,throughput
63.0,flow_west.5,relay,BS_1,flow_west.2,1,240.0,330.0,proposed_optimal_dkmcs,throughput
63.0,flow_east.1,direct,BS_1,-1,1,240.0,330.0,proposed_optimal_dkmcs,throughput
63.0,flow_east.5,direct,BS_1,-1,1,148.0,240.0,proposed_optimal_dkmcs,throughput
63.0,flow_west.3,relay,BS_1,flow_west.2,1,240.0,330.0,proposed_optimal_dkmcs,throughput
64.0,flow_west.2,relay,BS_1,flow_west.3,1,240.0,330.0,proposed_optimal_dkmcs,throughput
64.0,vehicle_1,relay,BS_1,flow_east.5,1,88.0,148.0,proposed_optimal_dkmcs,throughput
64.0,flow_east.4,relay,BS_1,flow_east.5,1,88.0,148.0,proposed_optimal_dkmcs,throughput
64.0,flow_west.4,relay,BS_1,flow_east.5,1,148.0,240.0,proposed_optimal_dkmcs,throughput
64.0,flow_east.3,relay,BS_1,flow_east.5,1,148.0,240.0,proposed_optimal_dkmcs,throughput
64.0,flow_west.5,relay,BS_1,flow_west.2,1,240.0,330.0,proposed_optimal_dkmcs,throughput
64.0,flow_east.1,direct,BS_1,-1,1,148.0,330.0,proposed_optimal_dkmcs,throughput
64.0,flow_east.5,direct,BS_1,-1,1,148.0,240.0,proposed_optimal_dkmcs,throughput
64.0,flow_west.3,relay,BS_1,flow_west.2,1,240.0,330.0,proposed_optimal_dkmcs,throughput
65.0,flow_west.2,direct,BS_1,-1,1,240.0,330.0,proposed_optimal_dkmcs,throughput
65.0,flow_east.4,relay,BS_1,flow_east.5,1,88.0,148.0,proposed_optimal_dkmcs,throughput
65.0,flow_west.4,relay,BS_1,flow_east.5,1,148.0,240.0,proposed_optimal_dkmcs,throughput
65.0,flow_east.3,relay,BS_1,flow_east.5,1,148.0,240.0,proposed_optimal_dkmcs,throughput
65.0,flow_west.5,relay,BS_1,flow_west.2,1,240.0,330.0,proposed_optimal_dkmcs,throughput
65.0,flow_east.1,relay,BS_1,flow_east.5,1,148.0,240.0,proposed_optimal_dkmcs,throughput
65.0,flow_east.5,direct,BS_1,-1,1,148.0,240.0,proposed_optimal_dkmcs,throughput
65.0,flow_west.3,relay,BS_1,flow_west.2,1,240.0,330.0,proposed_optimal_dkmcs,throughput
66.0,flow_west.2,direct,BS_1,-1,1,240.0,330.0,proposed_optimal_dkmcs,throughput
66.0,flow_east.4,relay,BS_1,flow_east.5,1,88.0,148.0,proposed_optimal_dkmcs,throughput
66.0,flow_west.4,relay,BS_1,flow_east.5,1,148.0,240.0,proposed_optimal_dkmcs,throughput
66.0,flow_east.3,relay,BS_1,flow_east.5,1,148.0,240.0,proposed_optimal_dkmcs,throughput
66.0,flow_west.5,relay,BS_1,flow_west.2,1,240.0,330.0,proposed_optimal_dkmcs,throughput
66.0,flow_east.1,relay,BS_1,flow_east.5,1,148.0,240.0,proposed_optimal_dkmcs,throughput
66.0,flow_east.5,direct,BS_1,-1,1,148.0,240.0,proposed_optimal_dkmcs,throughput
66.0,flow_west.3,relay,BS_1,flow_west.2,1,240.0,330.0,proposed_optimal_dkmcs,throughput
67.0,flow_west.2,direct,BS_1,-1,1,240.0,330.0,proposed_optimal_dkmcs,throughput
67.0,flow_west.4,relay,BS_1,flow_east.1,1,148.0,330.0,proposed_optimal_dkmcs,throughput
67.0,flow_east.3,relay,BS_1,flow_east.5,1,148.0,240.0,proposed_optimal_dkmcs,throughput
67.0,flow_west.5,direct,BS_1,-1,1,240.0,330.0,proposed_optimal_dkmcs,throughput
67.0,flow_east.1,relay,BS_1,flow_west.4,1,148.0,240.0,proposed_optimal_dkmcs,throughput
67.0,flow_east.5,relay,BS_1,flow_east.1,1,148.0,240.0,proposed_optimal_dkmcs,throughput
67.0,flow_west.3,relay,BS_1,flow_west.2,1,240.0,330.0,proposed_optimal_dkmcs,throughput
68.0,flow_west.2,direct,BS_1,-1,1,240.0,330.0,proposed_optimal_dkmcs,throughput
68.0,flow_west.4,relay,BS_1,flow_east.5,1,148.0,240.0,proposed_optimal_dkmcs,throughput
68.0,flow_east.3,relay,BS_1,flow_east.5,1,148.0,240.0,proposed_optimal_dkmcs,throughput
68.0,flow_west.5,relay,BS_1,flow_west.2,1,240.0,330.0,proposed_optimal_dkmcs,throughput
68.0,flow_east.1,relay,BS_1,flow_east.5,1,148.0,240.0,proposed_optimal_dkmcs,throughput
68.0,flow_east.5,relay,BS_1,flow_east.1,1,148.0,240.0,proposed_optimal_dkmcs,throughput
68.0,flow_west.3,relay,BS_1,flow_west.2,1,240.0,330.0,proposed_optimal_dkmcs,throughput
69.0,flow_west.2,direct,BS_1,-1,1,240.0,330.0,proposed_optimal_dkmcs,throughput
69.0,flow_west.4,relay,BS_1,flow_east.5,1,148.0,240.0,proposed_optimal_dkmcs,throughput
69.0,flow_east.3,relay,BS_1,flow_east.5,1,148.0,240.0,proposed_optimal_dkmcs,throughput
69.0,flow_west.5,relay,BS_1,flow_west.2,1,240.0,330.0,proposed_optimal_dkmcs,throughput
69.0,flow_east.1,relay,BS_1,flow_east.5,1,148.0,240.0,proposed_optimal_dkmcs,throughput
69.0,flow_east.5,relay,BS_1,flow_east.1,1,148.0,240.0,proposed_optimal_dkmcs,throughput
69.0,flow_west.3,relay,BS_1,flow_west.2,1,240.0,330.0,proposed_optimal_dkmcs,throughput
70.0,flow_west.2,relay,BS_1,flow_west.5,1,240.0,330.0,proposed_optimal_dkmcs,throughput
70.0,flow_west.6,relay,BS_1,flow_west.2,1,240.0,330.0,proposed_optimal_dkmcs,throughput
70.0,flow_west.4,relay,BS_1,flow_east.1,1,148.0,240.0,proposed_optimal_dkmcs,throughput
70.0,flow_east.3,relay,BS_1,flow_east.1,1,88.0,148.0,proposed_optimal_dkmcs,throughput
70.0,flow_east.6,relay,BS_1,flow_west.2,1,240.0,330.0,proposed_optimal_dkmcs,throughput
70.0,flow_west.5,relay,BS_1,flow_west.2,1,240.0,330.0,proposed_optimal_dkmcs,throughput
70.0,flow_east.1,direct,BS_1,-1,1,148.0,240.0,proposed_optimal_dkmcs,throughput
70.0,flow_east.5,relay,BS_1,flow_east.1,1,148.0,240.0,proposed_optimal_dkmcs,throughput
70.0,flow_west.3,relay,BS_1,flow_west.2,1,240.0,330.0,proposed_optimal_dkmcs,throughput
71.0,flow_west.2,relay,BS_1,flow_west.6,1,240.0,330.0,proposed_optimal_dkmcs,throughput
71.0,flow_west.6,relay,BS_1,flow_west.2,1,240.0,330.0,proposed_optimal_dkmcs,throughput
71.0,flow_west.4,relay,BS_1,flow_east.1,1,148.0,240.0,proposed_optimal_dkmcs,throughput
71.0,flow_east.3,relay,BS_1,flow_east.1,1,88.0,148.0,proposed_optimal_dkmcs,throughput
71.0,flow_east.6,relay,BS_1,flow_west.6,1,240.0,330.0,proposed_optimal_dkmcs,throughput
71.0,flow_west.5,relay,BS_1,flow_west.2,1,240.0,330.0,proposed_optimal_dkmcs,throughput
71.0,flow_east.1,direct,BS_1,-1,1,148.0,240.0,proposed_optimal_dkmcs,throughput
71.0,flow_east.5,relay,BS_1,flow_east.1,1,148.0,240.0,proposed_optimal_dkmcs,throughput
71.0,flow_west.3,relay,BS_1,flow_west.2,1,240.0,330.0,proposed_optimal_dkmcs,throughput
72.0,flow_west.2,relay,BS_1,flow_west.6,1,240.0,330.0,proposed_optimal_dkmcs,throughput
72.0,flow_west.6,direct,BS_1,-1,1,240.0,330.0,proposed_optimal_dkmcs,throughput
72.0,flow_west.4,relay,BS_1,flow_east.1,1,148.0,240.0,proposed_optimal_dkmcs,throughput
72.0,flow_east.3,relay,BS_1,flow_east.1,1,88.0,148.0,proposed_optimal_dkmcs,throughput
72.0,flow_east.6,relay,BS_1,flow_west.6,1,240.0,330.0,proposed_optimal_dkmcs,throughput
72.0,flow_west.5,relay,BS_1,flow_west.6,1,240.0,330.0,proposed_optimal_dkmcs,throughput
72.0,flow_east.1,direct,BS_1,-1,1,148.0,240.0,proposed_optimal_dkmcs,throughput
72.0,flow_east.5,relay,BS_1,flow_east.1,1,148.0,240.0,proposed_optimal_dkmcs,throughput
72.0,flow_west.3,relay,BS_1,flow_west.6,1,148.0,240.0,proposed_optimal_dkmcs,throughput
73.0,flow_west.2,relay,BS_1,flow_west.6,1,240.0,330.0,proposed_optimal_dkmcs,throughput
73.0,flow_west.6,direct,BS_1,-1,1,240.0,330.0,proposed_optimal_dkmcs,throughput
73.0,flow_west.4,direct,BS_1,-1,1,240.0,330.0,proposed_optimal_dkmcs,throughput
73.0,flow_east.3,relay,BS_1,flow_east.1,1,88.0,148.0,proposed_optimal_dkmcs,throughput
73.0,flow_east.6,relay,BS_1,flow_west.6,1,240.0,330.0,proposed_optimal_dkmcs,throughput
73.0,flow_west.5,relay,BS_1,flow_west.6,1,240.0,330.0,proposed_optimal_dkmcs,throughput
73.0,flow_east.1,direct,BS_1,-1,1,148.0,240.0,proposed_optimal_dkmcs,throughput
73.0,flow_east.5,relay,BS_1,flow_east.1,1,148.0,240.0,proposed_optimal_dkmcs,throughput
73.0,flow_west.3,relay,BS_1,flow_west.6,1,148.0,240.0,proposed_optimal_dkmcs,throughput
74.0,flow_west.2,relay,BS_1,flow_west.6,1,240.0,330.0,proposed_optimal_dkmcs,throughput
74.0,flow_west.6,direct,BS_1,-1,1,240.0,330.0,proposed_optimal_dkmcs,throughput
74.0,flow_west.4,direct,BS_1,-1,1,240.0,330.0,proposed_optimal_dkmcs,throughput
74.0,flow_east.3,relay,BS_1,flow_east.1,1,88.0,148.0,proposed_optimal_dkmcs,throughput
74.0,flow_east.6,relay,BS_1,flow_west.6,1,148.0,240.0,proposed_optimal_dkmcs,throughput
74.0,flow_west.5,relay,BS_1,flow_west.6,1,240.0,330.0,proposed_optimal_dkmcs,throughput
74.0,flow_east.1,direct,BS_1,-1,1,148.0,240.0,proposed_optimal_dkmcs,throughput
74.0,flow_east.5,relay,BS_1,flow_east.1,1,148.0,240.0,proposed_optimal_dkmcs,throughput
74.0,flow_west.3,relay,BS_1,flow_west.6,1,148.0,240.0,proposed_optimal_dkmcs,throughput
75.0,flow_west.2,relay,BS_1,flow_west.6,1,240.0,330.0,proposed_optimal_dkmcs,throughput
75.0,flow_west.6,direct,BS_1,-1,1,240.0,330.0,proposed_optimal_dkmcs,throughput
75.0,flow_west.4,direct,BS_1,-1,1,240.0,330.0,proposed_optimal_dkmcs,throughput
75.0,flow_east.6,direct,BS_1,-1,1,240.0,330.0,proposed_optimal_dkmcs,throughput
75.0,flow_west.5,relay,BS_1,flow_west.6,1,240.0,330.0,proposed_optimal_dkmcs,throughput
75.0,flow_east.1,direct,BS_1,-1,1,148.0,240.0,proposed_optimal_dkmcs,throughput
75.0,flow_east.5,relay,BS_1,flow_east.1,1,148.0,240.0,proposed_optimal_dkmcs,throughput
75.0,flow_west.3,relay,BS_1,flow_west.6,1,148.0,240.0,proposed_optimal_dkmcs,throughput
76.0,flow_west.2,relay,BS_1,flow_west.6,1,240.0,330.0,proposed_optimal_dkmcs,throughput
76.0,flow_west.6,direct,BS_1,-1,1,240.0,330.0,proposed_optimal_dkmcs,throughput
76.0,flow_west.4,direct,BS_1,-1,1,240.0,330.0,proposed_optimal_dkmcs,throughput
76.0,flow_east.6,direct,BS_1,-1,1,240.0,330.0,proposed_optimal_dkmcs,throughput
76.0,flow_west.5,relay,BS_1,flow_west.6,1,240.0,330.0,proposed_optimal_dkmcs,throughput
76.0,flow_east.1,direct,BS_1,-1,1,148.0,240.0,proposed_optimal_dkmcs,throughput
76.0,flow_east.5,relay,BS_1,flow_east.1,1,148.0,240.0,proposed_optimal_dkmcs,throughput
76.0,flow_west.3,relay,BS_1,flow_west.6,1,148.0,240.0,proposed_optimal_dkmcs,throughput
77.0,flow_west.2,direct,BS_1,-1,1,148.0,240.0,proposed_optimal_dkmcs,throughput
77.0,flow_west.6,relay,BS_1,flow_west.2,1,148.0,240.0,proposed_optimal_dkmcs,throughput
77.0,flow_west.4,direct,BS_1,-1,1,240.0,330.0,proposed_optimal_dkmcs,throughput
77.0,flow_east.6,direct,BS_1,-1,1,240.0,330.0,proposed_optimal_dkmcs,throughput
77.0,flow_west.5,direct,BS_1,-1,1,148.0,240.0,proposed_optimal_dkmcs,throughput
77.0,flow_east.1,direct,BS_1,-1,1,148.0,240.0,proposed_optimal_dkmcs,throughput
77.0,flow_east.5,relay,BS_1,flow_east.1,1,148.0,240.0,proposed_optimal_dkmcs,throughput
77.0,flow_west.3,direct,BS_1,-1,1,148.0,240.0,proposed_optimal_dkmcs,throughput
78.0,flow_west.2,direct,BS_1,-1,1,148.0,240.0,proposed_optimal_dkmcs,throughput
78.0,flow_west.6,relay,BS_1,flow_west.2,1,148.0,240.0,proposed_optimal_dkmcs,throughput
78.0,flow_west.4,direct,BS_1,-1,1,240.0,330.0,proposed_optimal_dkmcs,throughput
78.0,flow_east.6,direct,BS_1,-1,1,240.0,330.0,proposed_optimal_dkmcs,throughput
78.0,flow_west.5,relay,BS_1,flow_west.2,1,148.0,240.0,proposed_optimal_dkmcs,throughput
78.0,flow_east.1,direct,BS_1,-1,1,148.0,240.0,proposed_optimal_dkmcs,throughput
78.0,flow_east.5,relay,BS_1,flow_east.1,1,148.0,240.0,proposed_optimal_dkmcs,throughput
78.0,flow_west.3,relay,BS_1,flow_west.2,1,148.0,240.0,proposed_optimal_dkmcs,throughput
79.0,flow_west.2,direct,BS_1,-1,1,148.0,240.0,proposed_optimal_dkmcs,throughput
79.0,flow_west.6,relay,BS_1,flow_west.2,1,148.0,240.0,proposed_optimal_dkmcs,throughput
79.0,flow_west.4,direct,BS_1,-1,1,240.0,330.0,proposed_optimal_dkmcs,throughput
79.0,flow_east.6,direct,BS_1,-1,1,240.0,330.0,proposed_optimal_dkmcs,throughput
79.0,flow_west.5,relay,BS_1,flow_west.2,1,148.0,240.0,proposed_optimal_dkmcs,throughput
79.0,flow_east.1,direct,BS_1,-1,1,88.0,240.0,proposed_optimal_dkmcs,throughput
79.0,flow_east.5,direct,BS_1,-1,1,88.0,148.0,proposed_optimal_dkmcs,throughput
79.0,flow_west.3,relay,BS_1,flow_west.2,1,148.0,240.0,proposed_optimal_dkmcs,throughput
80.0,flow_west.2,relay,BS_1,flow_west.6,1,148.0,330.0,proposed_optimal_dkmcs,throughput
80.0,flow_west.6,relay,BS_1,flow_west.2,1,148.0,240.0,proposed_optimal_dkmcs,throughput
80.0,flow_west.4,relay,BS_1,flow_east.6,1,148.0,330.0,proposed_optimal_dkmcs,throughput
80.0,flow_east.7,relay,BS_1,flow_west.2,1,148.0,240.0,proposed_optimal_dkmcs,throughput
80.0,flow_east.6,direct,BS_1,-1,1,240.0,330.0,proposed_optimal_dkmcs,throughput
80.0,flow_west.5,relay,BS_1,flow_west.6,1,148.0,330.0,proposed_optimal_dkmcs,throughput
80.0,flow_east.1,direct,BS_1,-1,1,88.0,240.0,proposed_optimal_dkmcs,throughput
80.0,flow_east.5,relay,BS_1,flow_east.1,1,88.0,240.0,proposed_optimal_dkmcs,throughput
80.0,flow_west.3,relay,BS_1,flow_east.7,1,148.0,240.0,proposed_optimal_dkmcs,throughput
80.0,flow_west.7,relay,BS_1,flow_east.1,1,88.0,240.0,proposed_optimal_dkmcs,throughput
81.0,flow_west.2,relay,BS_1,flow_west.5,1,148.0,240.0,proposed_optimal_dkmcs,throughput
81.0,flow_west.6,relay,BS_1,flow_west.2,1,148.0,240.0,proposed_optimal_dkmcs,throughput
81.0,flow_west.4,relay,BS_1,flow_east.6,1,148.0,240.0,proposed_optimal_dkmcs,throughput
81.0,flow_east.7,relay,BS_1,flow_west.5,1,148.0,240.0,proposed_optimal_dkmcs,throughput
81.0,flow_east.6,direct,BS_1,-1,1,240.0,330.0,proposed_optimal_dkmcs,throughput
81.0,flow_west.5,relay,BS_1,flow_west.2,1,148.0,240.0,proposed_optimal_dkmcs,throughput
81.0,flow_east.1,direct,BS_1,-1,1,88.0,240.0,proposed_optimal_dkmcs,throughput
81.0,flow_west.3,relay,BS_1,flow_west.5,1,148.0,240.0,proposed_optimal_dkmcs,throughput
81.0,flow_west.7,direct,BS_1,-1,1,88.0,148.0,proposed_optimal_dkmcs,throughput
82.0,flow_west.2,relay,BS_1,flow_west.5,1,148.0,240.0,proposed_optimal_dkmcs,throughput
82.0,flow_west.6,relay,BS_1,flow_east.7,1,148.0,330.0,proposed_optimal_dkmcs,throughput
82.0,flow_west.4,direct,BS_1,-1,1,240.0,330.0,proposed_optimal_dkmcs,throughput
82.0,flow_east.7,relay,BS_1,flow_west.5,1,148.0,240.0,proposed_optimal_dkmcs,throughput
82.0,flow_east.6,direct,BS_1,-1,1,148.0,330.0,proposed_optimal_dkmcs,throughput
82.0,flow_west.5,relay,BS_1,flow_west.2,1,148.0,240.0,proposed_optimal_dkmcs,throughput
82.0,flow_east.1,relay,BS_1,flow_east.6,1,88.0,148.0,proposed_optimal_dkmcs,throughput
82.0,flow_west.3,relay,BS_1,flow_west.2,1,148.0,240.0,proposed_optimal_dkmcs,throughput
82.0,flow_west.7,relay,BS_1,flow_east.6,1,88.0,148.0,proposed_optimal_dkmcs,throughput
83.0,flow_west.2,relay,BS_1,flow_west.5,1,148.0,240.0,proposed_optimal_dkmcs,throughput
83.0,flow_west.6,relay,BS_1,flow_west.5,1,148.0,240.0,proposed_optimal_dkmcs,throughput
83.0,flow_west.4,direct,BS_1,-1,1,240.0,330.0,proposed_optimal_dkmcs,throughput
83.0,flow_east.7,relay,BS_1,flow_west.5,1,148.0,240.0,proposed_optimal_dkmcs,throughput
83.0,flow_east.6,direct,BS_1,-1,1,148.0,330.0,proposed_optimal_dkmcs,throughput
83.0,flow_west.5,relay,BS_1,flow_west.2,1,148.0,240.0,proposed_optimal_dkmcs,throughput
83.0,flow_east.1,direct,BS_1,-1,1,88.0,240.0,proposed_optimal_dkmcs,throughput
83.0,flow_west.3,relay,BS_1,flow_west.2,1,148.0,240.0,proposed_optimal_dkmcs,throughput
83.0,flow_west.7,relay,BS_1,flow_east.6,1,88.0,148.0,proposed_optimal_dkmcs,throughput
84.0,flow_west.2,relay,BS_1,flow_west.5,1,148.0,240.0,proposed_optimal_dkmcs,throughput
84.0,flow_west.6,relay,BS_1,flow_west.5,1,148.0,240.0,proposed_optimal_dkmcs,throughput
84.0,flow_west.4,direct,BS_1,-1,1,240.0,330.0,proposed_optimal_dkmcs,throughput
84.0,flow_east.7,relay,BS_1,flow_west.2,1,148.0,240.0,proposed_optimal_dkmcs,throughput
84.0,flow_east.6,direct,BS_1,-1,1,148.0,330.0,proposed_optimal_dkmcs,throughput
84.0,flow_west.5,relay,BS_1,flow_west.2,1,148.0,240.0,proposed_optimal_dkmcs,throughput
84.0,flow_east.1,relay,BS_1,flow_east.6,1,88.0,148.0,proposed_optimal_dkmcs,throughput
84.0,flow_west.3,relay,BS_1,flow_west.2,1,148.0,240.0,proposed_optimal_dkmcs,throughput
84.0,flow_west.7,relay,BS_1,flow_east.6,1,88.0,148.0,proposed_optimal_dkmcs,throughput
85.0,flow_west.2,relay,BS_1,flow_west.5,1,148.0,240.0,proposed_optimal_dkmcs,throughput
85.0,flow_west.6,relay,BS_1,flow_west.5,1,148.0,240.0,proposed_optimal_dkmcs,throughput
85.0,flow_west.4,direct,BS_1,-1,1,240.0,330.0,proposed_optimal_dkmcs,throughput
85.0,flow_east.7,relay,BS_1,flow_west.4,1,240.0,330.0,proposed_optimal_dkmcs,throughput
85.0,flow_east.6,direct,BS_1,-1,1,148.0,330.0,proposed_optimal_dkmcs,throughput
85.0,flow_west.5,direct,BS_1,-1,1,148.0,240.0,proposed_optimal_dkmcs,throughput
85.0,flow_east.1,relay,BS_1,flow_east.6,1,88.0,148.0,proposed_optimal_dkmcs,throughput
85.0,flow_west.3,relay,BS_1,flow_west.5,1,148.0,240.0,proposed_optimal_dkmcs,throughput
85.0,flow_west.7,relay,BS_1,flow_east.6,1,88.0,240.0,proposed_optimal_dkmcs,throughput
86.0,flow_west.2,direct,BS_1,-1,1,148.0,240.0,proposed_optimal_dkmcs,throughput
86.0,flow_west.6,relay,BS_1,flow_west.2,1,148.0,240.0,proposed_optimal_dkmcs,throughput
86.0,flow_west.4,direct,BS_1,-1,1,240.0,330.0,proposed_optimal_dkmcs,throughput
86.0,flow_east.7,direct,BS_1,-1,1,240.0,330.0,proposed_optimal_dkmcs,throughput
86.0,flow_east.6,direct,BS_1,-1,1,148.0,240.0,proposed_optimal_dkmcs,throughput
86.0,flow_west.5,relay,BS_1,flow_west.2,1,148.0,240.0,proposed_optimal_dkmcs,throughput
86.0,flow_east.1,direct,BS_1,-1,1,88.0,148.0,proposed_optimal_dkmcs,throughput
86.0,flow_west.3,relay,BS_1,flow_west.2,1,148.0,240.0,proposed_optimal_dkmcs,throughput
86.0,flow_west.7,direct,BS_1,-1,1,88.0,240.0,proposed_optimal_dkmcs,throughput
87.0,flow_west.2,relay,BS_1,flow_west.5,1,148.0,240.0,proposed_optimal_dkmcs,throughput
87.0,flow_west.6,direct,BS_1,-1,1,148.0,240.0,proposed_optimal_dkmcs,throughput
87.0,flow_west.4,direct,BS_1,-1,1,240.0,330.0,proposed_optimal_dkmcs,throughput
87.0,flow_east.7,direct,BS_1,-1,1,240.0,330.0,proposed_optimal_dkmcs,throughput
87.0,flow_east.6,direct,BS_1,-1,1,148.0,240.0,proposed_optimal_dkmcs,throughput
87.0,flow_west.5,direct,BS_1,-1,1,148.0,240.0,proposed_optimal_dkmcs,throughput
87.0,flow_east.1,relay,BS_1,flow_east.6,1,88.0,148.0,proposed_optimal_dkmcs,throughput
87.0,flow_west.7,relay,BS_1,flow_east.6,1,148.0,240.0,proposed_optimal_dkmcs,throughput
88.0,flow_west.2,relay,BS_1,flow_west.6,1,148.0,240.0,proposed_optimal_dkmcs,throughput
88.0,flow_west.6,direct,BS_1,-1,1,148.0,240.0,proposed_optimal_dkmcs,throughput
88.0,flow_west.4,direct,BS_1,-1,1,240.0,330.0,proposed_optimal_dkmcs,throughput
88.0,flow_east.7,direct,BS_1,-1,1,240.0,330.0,proposed_optimal_dkmcs,throughput
88.0,flow_east.6,direct,BS_1,-1,1,148.0,240.0,proposed_optimal_dkmcs,throughput
88.0,flow_west.5,relay,BS_1,flow_west.6,1,148.0,240.0,proposed_optimal_dkmcs,throughput
88.0,flow_east.1,relay,BS_1,flow_west.7,1,148.0,240.0,proposed_optimal_dkmcs,throughput
88.0,flow_west.7,direct,BS_1,-1,1,148.0,240.0,proposed_optimal_dkmcs,throughput
89.0,flow_west.2,relay,BS_1,flow_west.6,1,148.0,240.0,proposed_optimal_dkmcs,throughput
89.0,flow_west.6,direct,BS_1,-1,1,148.0,240.0,proposed_optimal_dkmcs,throughput
89.0,flow_west.4,direct,BS_1,-1,1,240.0,330.0,proposed_optimal_dkmcs,throughput
89.0,flow_east.7,direct,BS_1,-1,1,240.0,330.0,proposed_optimal_dkmcs,throughput
89.0,flow_east.6,direct,BS_1,-1,1,148.0,240.0,proposed_optimal_dkmcs,throughput
89.0,flow_west.5,relay,BS_1,flow_west.6,1,148.0,240.0,proposed_optimal_dkmcs,throughput
89.0,flow_east.1,relay,BS_1,flow_west.7,1,148.0,240.0,proposed_optimal_dkmcs,throughput
89.0,flow_west.7,direct,BS_1,-1,1,148.0,240.0,proposed_optimal_dkmcs,throughput
90.0,flow_west.2,relay,BS_1,flow_west.6,1,148.0,240.0,proposed_optimal_dkmcs,throughput
90.0,flow_west.6,direct,BS_1,-1,1,148.0,240.0,proposed_optimal_dkmcs,throughput
90.0,flow_west.4,relay,BS_1,flow_east.7,1,240.0,330.0,proposed_optimal_dkmcs,throughput
90.0,flow_east.7,direct,BS_1,-1,1,240.0,330.0,proposed_optimal_dkmcs,throughput
90.0,flow_east.6,direct,BS_1,-1,1,148.0,240.0,proposed_optimal_dkmcs,throughput
90.0,flow_west.5,relay,BS_1,flow_west.6,1,148.0,240.0,proposed_optimal_dkmcs,throughput
90.0,flow_east.1,direct,BS_1,-1,1,88.0,148.0,proposed_optimal_dkmcs,throughput
90.0,flow_west.7,direct,BS_1,-1,1,148.0,240.0,proposed_optimal_dkmcs,throughput
91.0,flow_west.2,direct,BS_1,-1,1,88.0,240.0,proposed_optimal_dkmcs,throughput
91.0,flow_west.6,direct,BS_1,-1,1,88.0,240.0,proposed_optimal_dkmcs,throughput
91.0,flow_west.4,relay,BS_1,flow_east.7,1,240.0,330.0,proposed_optimal_dkmcs,throughput
91.0,flow_east.7,direct,BS_1,-1,1,240.0,330.0,proposed_optimal_dkmcs,throughput
91.0,flow_east.6,direct,BS_1,-1,1,148.0,240.0,proposed_optimal_dkmcs,throughput
91.0,flow_west.5,direct,BS_1,-1,1,88.0,240.0,proposed_optimal_dkmcs,throughput
91.0,flow_east.1,direct,BS_1,-1,1,88.0,148.0,proposed_optimal_dkmcs,throughput
91.0,flow_west.7,direct,BS_1,-1,1,148.0,240.0,proposed_optimal_dkmcs,throughput
92.0,flow_west.2,relay,BS_1,flow_west.6,1,148.0,240.0,proposed_optimal_dkmcs,throughput
92.0,flow_west.6,direct,BS_1,-1,1,148.0,240.0,proposed_optimal_dkmcs,throughput
92.0,flow_west.4,direct,BS_1,-1,1,148.0,330.0,proposed_optimal_dkmcs,throughput
92.0,flow_east.7,direct,BS_1,-1,1,240.0,330.0,proposed_optimal_dkmcs,throughput
92.0,flow_west.5,relay,BS_1,flow_west.6,1,148.0,240.0,proposed_optimal_dkmcs,throughput
92.0,flow_east.6,direct,BS_1,-1,1,148.0,240.0,proposed_optimal_dkmcs,throughput
92.0,flow_west.7,direct,BS_1,-1,1,148.0,240.0,proposed_optimal_dkmcs,throughput
93.0,flow_west.2,direct,BS_1,-1,1,88.0,240.0,proposed_optimal_dkmcs,throughput
93.0,flow_west.6,direct,BS_1,-1,1,88.0,240.0,proposed_optimal_dkmcs,throughput
93.0,flow_west.4,direct,BS_1,-1,1,148.0,330.0,proposed_optimal_dkmcs,throughput
93.0,flow_east.7,direct,BS_1,-1,1,240.0,330.0,proposed_optimal_dkmcs,throughput
93.0,flow_west.5,direct,BS_1,-1,1,88.0,148.0,proposed_optimal_dkmcs,throughput
93.0,flow_east.6,direct,BS_1,-1,1,148.0,240.0,proposed_optimal_dkmcs,throughput
93.0,flow_west.7,direct,BS_1,-1,1,148.0,240.0,proposed_optimal_dkmcs,throughput
94.0,flow_west.4,direct,BS_1,-1,1,148.0,330.0,proposed_optimal_dkmcs,throughput
94.0,flow_west.6,direct,BS_1,-1,1,88.0,240.0,proposed_optimal_dkmcs,throughput
94.0,flow_east.7,direct,BS_1,-1,1,240.0,330.0,proposed_optimal_dkmcs,throughput
94.0,flow_east.6,direct,BS_1,-1,1,148.0,240.0,proposed_optimal_dkmcs,throughput
94.0,flow_west.5,direct,BS_1,-1,1,88.0,148.0,proposed_optimal_dkmcs,throughput
94.0,flow_west.7,relay,BS_1,flow_east.6,1,148.0,240.0,proposed_optimal_dkmcs,throughput
95.0,flow_west.4,direct,BS_1,-1,1,148.0,240.0,proposed_optimal_dkmcs,throughput
95.0,flow_west.6,direct,BS_1,-1,1,88.0,240.0,proposed_optimal_dkmcs,throughput
95.0,flow_east.7,relay,BS_1,flow_west.4,1,88.0,240.0,proposed_optimal_dkmcs,throughput
95.0,flow_east.6,relay,BS_1,flow_west.7,1,148.0,240.0,proposed_optimal_dkmcs,throughput
95.0,flow_west.5,direct,BS_1,-1,1,88.0,148.0,proposed_optimal_dkmcs,throughput
95.0,flow_west.7,direct,BS_1,-1,1,148.0,240.0,proposed_optimal_dkmcs,throughput
96.0,flow_west.4,direct,BS_1,-1,1,148.0,240.0,proposed_optimal_dkmcs,throughput
96.0,flow_west.6,relay,BS_1,flow_west.4,1,88.0,240.0,proposed_optimal_dkmcs,throughput
96.0,flow_east.7,relay,BS_1,flow_west.4,1,88.0,148.0,proposed_optimal_dkmcs,throughput
96.0,flow_east.6,relay,BS_1,flow_west.7,1,148.0,240.0,proposed_optimal_dkmcs,throughput
96.0,flow_west.7,direct,BS_1,-1,1,148.0,240.0,proposed_optimal_dkmcs,throughput
97.0,flow_west.4,direct,BS_1,-1,1,148.0,240.0,proposed_optimal_dkmcs,throughput
97.0,flow_west.6,relay,BS_1,flow_west.4,1,148.0,240.0,proposed_optimal_dkmcs,throughput
97.0,flow_east.7,direct,BS_1,-1,1,240.0,330.0,proposed_optimal_dkmcs,throughput
97.0,flow_east.6,relay,BS_1,flow_west.7,1,88.0,240.0,proposed_optimal_dkmcs,throughput
97.0,flow_west.7,direct,BS_1,-1,1,148.0,330.0,proposed_optimal_dkmcs,throughput
98.0,flow_west.4,direct,BS_1,-1,1,148.0,240.0,proposed_optimal_dkmcs,throughput
98.0,flow_west.6,relay,BS_1,flow_west.4,1,148.0,240.0,proposed_optimal_dkmcs,throughput
98.0,flow_east.7,direct,BS_1,-1,1,240.0,330.0,proposed_optimal_dkmcs,throughput
98.0,flow_east.6,relay,BS_1,flow_west.7,1,88.0,148.0,proposed_optimal_dkmcs,throughput
98.0,flow_west.7,direct,BS_1,-1,1,148.0,330.0,proposed_optimal_dkmcs,throughput
99.0,flow_west.4,direct,BS_1,-1,1,148.0,240.0,proposed_optimal_dkmcs,throughput
99.0,flow_west.6,relay,BS_1,flow_west.4,1,148.0,240.0,proposed_optimal_dkmcs,throughput
99.0,flow_east.7,direct,BS_1,-1,1,240.0,330.0,proposed_optimal_dkmcs,throughput
99.0,flow_east.6,direct,BS_1,-1,1,88.0,240.0,proposed_optimal_dkmcs,throughput
99.0,flow_west.7,relay,BS_1,flow_east.7,1,148.0,330.0,proposed_optimal_dkmcs,throughput
