timestamp,vehicle_id,tx_id,received_power,delay_spread,path_loss,is_line_of_sight
0.0,vehicle_0,BS_1,-84.93,1585.68,114.93,True
1.0,vehicle_0,BS_1,-84.66,1537.09,114.66,True
2.0,vehicle_0,BS_1,-84.38,1487.71,114.38,True
3.0,vehicle_0,BS_1,-84.07,1435.89,114.07,True
4.0,vehicle_0,BS_1,-83.76,1386.13,113.76,True
5.0,vehicle_0,BS_1,-83.45,1337.06,113.45,True
5.0,vehicle_1,BS_1,-84.03,1429.04,114.03,True
5.0,vehicle_2,BS_1,-81.95,1124.45,111.95,True
6.0,vehicle_0,BS_1,-83.13,1288.90,113.13,True
6.0,vehicle_1,BS_1,-83.73,1381.52,113.73,True
6.0,vehicle_2,BS_1,-81.56,1075.51,111.56,True
7.0,vehicle_0,BS_1,-82.80,1241.06,112.80,True
7.0,vehicle_1,BS_1,-83.43,1333.30,113.43,True
7.0,vehicle_2,BS_1,-81.18,1029.10,111.18,True
8.0,vehicle_0,BS_1,-82.46,1192.54,112.46,True
8.0,vehicle_1,BS_1,-83.12,1287.13,113.12,True
8.0,vehicle_2,BS_1,-80.79,983.83,110.79,True
9.0,vehicle_0,BS_1,-82.09,1143.67,112.09,True
9.0,vehicle_1,BS_1,-82.79,1239.76,112.79,True
9.0,vehicle_2,BS_1,-80.38,938.97,110.38,True
10.0,flow_east.0,BS_1,-83.86,1401.13,113.86,True
10.0,flow_west.0,BS_1,-79.71,869.14,109.71,True
10.0,vehicle_0,BS_1,-81.72,1095.56,111.72,True
10.0,vehicle_1,BS_1,-82.48,1195.19,112.48,True
10.0,vehicle_2,BS_1,-79.97,896.07,109.97,True
11.0,flow_east.0,BS_1,-84.17,1452.77,114.17,True
11.0,flow_west.0,BS_1,-80.16,914.99,110.16,True
11.0,vehicle_0,BS_1,-81.33,1047.98,111.33,True
11.0,vehicle_1,BS_1,-82.15,1150.79,112.15,True
11.0,vehicle_2,BS_1,-79.55,852.94,109.55,True
12.0,flow_east.0,BS_1,-84.46,1501.05,114.46,True
12.0,flow_west.0,BS_1,-80.58,960.70,110.58,True
12.0,vehicle_0,BS_1,-80.96,1003.25,110.96,True
12.0,vehicle_1,BS_1,-81.80,1105.90,111.80,True
12.0,vehicle_2,BS_1,-79.12,812.06,109.12,True
13.0,flow_east.0,BS_1,-84.74,1551.14,114.74,True
13.0,flow_west.0,BS_1,-80.98,1005.82,110.98,True
13.0,vehicle_0,BS_1,-80.54,956.07,110.54,True
13.0,vehicle_1,BS_1,-81.44,1061.16,111.44,True
13.0,vehicle_2,BS_1,-78.66,770.62,108.66,True
14.0,flow_east.0,BS_1,-85.01,1600.54,115.01,True
14.0,flow_west.0,BS_1,-81.37,1051.76,111.37,True
14.0,vehicle_0,BS_1,-80.14,913.13,110.14,True
14.0,vehicle_1,BS_1,-81.07,1015.99,111.07,True
14.0,vehicle_2,BS_1,-78.20,730.68,108.20,True
15.0,flow_east.0,BS_1,-85.28,1650.44,115.28,True
15.0,flow_west.0,BS_1,-81.74,1098.26,111.74,True
15.0,vehicle_0,BS_1,-79.70,868.23,109.70,True
15.0,vehicle_1,BS_1,-80.68,971.83,110.68,True
15.0,vehicle_2,BS_1,-77.75,693.26,107.75,True
16.0,flow_east.0,BS_1,-85.54,1701.61,115.54,True
16.0,flow_west.0,BS_1,-82.10,1144.20,112.10,True
16.0,vehicle_0,BS_1,-79.26,825.00,109.26,True
16.0,vehicle_1,BS_1,-80.29,928.81,110.29,True
16.0,vehicle_2,BS_1,-77.32,659.89,107.32,True
17.0,flow_west.0,BS_1,-82.46,1193.17,112.46,True
17.0,vehicle_0,BS_1,-78.80,783.12,108.80,True
17.0,vehicle_1,BS_1,-79.90,888.74,109.90,True
17.0,vehicle_2,BS_1,-76.89,627.99,106.89,True
18.0,flow_west.0,BS_1,-82.80,1240.68,112.80,True
18.0,vehicle_0,BS_1,-78.36,744.20,108.36,True
18.0,vehicle_1,BS_1,-79.51,849.20,109.51,True
18.0,vehicle_2,BS_1,-76.46,598.01,106.46,True
19.0,flow_west.0,BS_1,-83.15,1291.36,113.15,True
19.0,vehicle_0,BS_1,-77.92,707.11,107.92,True
19.0,vehicle_1,BS_1,-79.11,811.47,109.11,True
19.0,vehicle_2,BS_1,-76.09,572.78,106.09,True
20.0,flow_east.1,BS_1,-85.01,1599.94,115.01,True
20.0,flow_west.0,BS_1,-83.47,1339.98,113.47,True
20.0,flow_west.1,BS_1,-89.98,504.51,119.98,False
20.0,vehicle_0,BS_1,-77.46,671.04,107.46,True
20.0,vehicle_1,BS_1,-78.70,773.43,108.70,True
20.0,vehicle_2,BS_1,-75.77,552.05,105.77,True
21.0,flow_east.1,BS_1,-84.77,1557.05,114.77,True
21.0,flow_west.0,BS_1,-83.79,1389.82,113.79,True
21.0,flow_west.1,BS_1,-89.98,504.26,119.98,False
21.0,vehicle_0,BS_1,-77.01,637.19,107.01,True
21.0,vehicle_1,BS_1,-78.29,738.27,108.29,True
21.0,vehicle_2,BS_1,-75.49,535.03,105.49,True
22.0,flow_east.1,BS_1,-84.53,1514.68,114.53,True
22.0,flow_west.0,BS_1,-84.10,1440.57,114.10,True
22.0,flow_west.1,BS_1,-75.07,509.36,105.07,True
22.0,vehicle_0,BS_1,-76.58,606.39,106.58,True
22.0,vehicle_1,BS_1,-77.85,701.87,107.85,True
22.0,vehicle_2,BS_1,-75.30,522.91,105.30,True
23.0,flow_east.1,BS_1,-84.29,1472.06,114.29,True
23.0,flow_west.0,BS_1,-84.40,1490.87,114.40,True
23.0,flow_west.1,BS_1,-75.24,519.79,105.24,True
23.0,vehicle_0,BS_1,-76.21,580.72,106.21,True
23.0,vehicle_1,BS_1,-77.42,667.67,107.42,True
23.0,vehicle_2,BS_1,-90.18,515.89,120.18,False
24.0,flow_east.1,BS_1,-84.03,1429.20,114.03,True
24.0,flow_west.0,BS_1,-84.69,1541.86,114.69,True
24.0,flow_west.1,BS_1,-75.50,535.43,105.50,True
24.0,vehicle_0,BS_1,-75.85,557.60,105.85,True
24.0,vehicle_1,BS_1,-77.00,636.54,107.00,True
24.0,vehicle_2,BS_1,-90.15,514.27,120.15,False
25.0,flow_east.1,BS_1,-83.77,1386.41,113.77,True
25.0,flow_west.0,BS_1,-84.96,1591.13,114.96,True
25.0,flow_west.1,BS_1,-75.83,555.77,105.83,True
25.0,vehicle_0,BS_1,-75.56,538.80,105.56,True
25.0,vehicle_1,BS_1,-76.60,607.68,106.60,True
25.0,vehicle_2,BS_1,-75.21,517.97,105.21,True
26.0,flow_east.1,BS_1,-83.50,1344.81,113.50,True
26.0,flow_west.0,BS_1,-85.24,1643.56,115.24,True
26.0,flow_west.1,BS_1,-76.20,579.95,106.20,True
26.0,vehicle_0,BS_1,-75.34,525.52,105.34,True
26.0,vehicle_1,BS_1,-76.23,582.29,106.23,True
26.0,vehicle_2,BS_1,-75.37,527.48,105.37,True
27.0,flow_east.1,BS_1,-83.24,1304.69,113.24,True
27.0,flow_west.0,BS_1,-85.51,1695.61,115.51,True
27.0,flow_west.1,BS_1,-76.59,607.08,106.59,True
27.0,vehicle_0,BS_1,-90.20,517.22,120.20,False
27.0,vehicle_1,BS_1,-75.90,560.43,105.90,True
27.0,vehicle_2,BS_1,-75.61,542.30,105.61,True
28.0,flow_east.1,BS_1,-82.97,1264.71,112.97,True
28.0,flow_west.1,BS_1,-77.04,639.37,107.04,True
28.0,vehicle_0,BS_1,-90.15,514.19,120.15,False
28.0,vehicle_1,BS_1,-75.62,542.96,105.62,True
28.0,vehicle_2,BS_1,-75.92,561.74,105.92,True
29.0,flow_east.1,BS_1,-82.67,1222.77,112.67,True
29.0,flow_west.1,BS_1,-77.51,674.38,107.51,True
29.0,vehicle_0,BS_1,-90.19,516.74,120.19,False
29.0,vehicle_1,BS_1,-75.40,529.51,105.40,True
29.0,vehicle_2,BS_1,-76.28,585.46,106.28,True
30.0,flow_east.1,BS_1,-82.39,1183.47,112.39,True
30.0,flow_east.2,BS_1,-76.42,595.22,106.42,True
30.0,flow_west.1,BS_1,-77.98,712.04,107.98,True
30.0,flow_west.2,BS_1,-85.02,1602.52,115.02,True
30.0,vehicle_0,BS_1,-75.33,525.10,105.33,True
30.0,vehicle_1,BS_1,-75.25,520.09,105.25,True
30.0,vehicle_2,BS_1,-76.68,613.27,106.68,True
31.0,flow_east.1,BS_1,-82.09,1143.82,112.09,True
31.0,flow_east.2,BS_1,-76.73,616.78,106.73,True
31.0,flow_west.1,BS_1,-78.44,751.23,108.44,True
31.0,flow_west.2,BS_1,-84.76,1555.45,114.76,True
31.0,vehicle_0,BS_1,-75.55,538.56,105.55,True
31.0,vehicle_1,BS_1,-90.16,515.01,120.16,False
31.0,vehicle_2,BS_1,-77.09,642.81,107.09,True
32.0,flow_east.1,BS_1,-81.79,1104.34,111.79,True
32.0,flow_east.2,BS_1,-77.06,640.56,107.06,True
32.0,flow_west.1,BS_1,-78.91,792.91,108.91,True
32.0,flow_west.2,BS_1,-84.50,1509.52,114.50,True
32.0,vehicle_0,BS_1,-75.83,556.01,105.83,True
32.0,vehicle_1,BS_1,-90.16,514.65,120.16,False
32.0,vehicle_2,BS_1,-77.52,675.17,107.52,True
33.0,flow_east.1,BS_1,-81.48,1066.21,111.48,True
33.0,flow_east.2,BS_1,-77.42,667.62,107.42,True
33.0,flow_west.1,BS_1,-79.36,835.27,109.36,True
33.0,flow_west.2,BS_1,-84.24,1463.92,114.24,True
33.0,vehicle_0,BS_1,-76.18,579.24,106.18,True
33.0,vehicle_1,BS_1,-75.23,519.19,105.23,True
33.0,vehicle_2,BS_1,-77.97,711.40,107.97,True
34.0,flow_east.1,BS_1,-81.17,1028.66,111.17,True
34.0,flow_east.2,BS_1,-77.82,699.24,107.82,True
34.0,flow_west.1,BS_1,-79.79,876.79,109.79,True
34.0,flow_west.2,BS_1,-83.96,1417.14,113.96,True
34.0,vehicle_0,BS_1,-76.57,605.19,106.57,True
34.0,vehicle_1,BS_1,-75.39,528.81,105.39,True
34.0,vehicle_2,BS_1,-78.41,748.43,108.41,True
35.0,flow_east.1,BS_1,-80.83,989.12,110.83,True
35.0,flow_east.2,BS_1,-78.20,730.77,108.20,True
35.0,flow_west.1,BS_1,-80.23,922.55,110.23,True
35.0,flow_west.2,BS_1,-83.66,1369.31,113.66,True
35.0,vehicle_0,BS_1,-76.99,635.31,106.99,True
35.0,vehicle_1,BS_1,-75.62,542.68,105.62,True
35.0,vehicle_2,BS_1,-78.87,789.25,108.87,True
36.0,flow_east.1,BS_1,-80.49,950.52,110.49,True
36.0,flow_east.2,BS_1,-78.59,764.36,108.59,True
36.0,flow_west.1,BS_1,-80.63,966.84,110.63,True
36.0,flow_west.2,BS_1,-83.37,1324.39,113.37,True
36.0,vehicle_0,BS_1,-77.41,666.75,107.41,True
36.0,vehicle_1,BS_1,-75.89,560.08,105.89,True
36.0,vehicle_2,BS_1,-79.32,830.88,109.32,True
37.0,flow_east.1,BS_1,-80.15,914.15,110.15,True
37.0,flow_east.2,BS_1,-78.99,800.35,108.99,True
37.0,flow_west.1,BS_1,-81.03,1012.26,111.03,True
37.0,flow_west.2,BS_1,-83.07,1280.16,113.07,True
37.0,vehicle_0,BS_1,-77.85,701.48,107.85,True
37.0,vehicle_1,BS_1,-76.22,581.84,106.22,True
37.0,vehicle_2,BS_1,-79.74,872.02,109.74,True
38.0,flow_east.1,BS_1,-79.80,878.36,109.80,True
38.0,flow_east.2,BS_1,-79.39,837.36,109.39,True
38.0,flow_west.1,BS_1,-81.42,1058.12,111.42,True
38.0,flow_west.2,BS_1,-82.76,1234.87,112.76,True
38.0,vehicle_0,BS_1,-78.29,738.27,108.29,True
38.0,vehicle_1,BS_1,-76.59,606.62,106.59,True
38.0,vehicle_2,BS_1,-80.17,916.49,110.17,True
39.0,flow_east.1,BS_1,-79.46,844.59,109.46,True
39.0,flow_east.2,BS_1,-79.76,873.75,109.76,True
39.0,flow_west.1,BS_1,-81.81,1106.71,111.81,True
39.0,flow_west.2,BS_1,-82.44,1189.85,112.44,True
39.0,vehicle_0,BS_1,-78.74,777.03,108.74,True
39.0,vehicle_1,BS_1,-76.97,633.73,106.97,True
39.0,vehicle_2,BS_1,-80.60,962.63,110.60,True
40.0,flow_east.1,BS_1,-79.10,810.07,109.10,True
40.0,flow_east.2,BS_1,-80.15,913.96,110.15,True
40.0,flow_west.1,BS_1,-82.18,1154.51,112.18,True
40.0,flow_west.2,BS_1,-82.11,1145.76,112.11,True
40.0,flow_west.3,BS_1,-80.76,980.88,110.76,True
40.0,vehicle_0,BS_1,-79.16,816.19,109.16,True
40.0,vehicle_1,BS_1,-77.36,663.12,107.36,True
40.0,vehicle_2,BS_1,-81.00,1007.98,111.00,True
41.0,flow_east.1,BS_1,-78.73,776.48,108.73,True
41.0,flow_east.2,BS_1,-80.52,954.44,110.52,True
41.0,flow_east.3,BS_1,-75.51,535.88,105.51,True
41.0,flow_west.1,BS_1,-82.54,1204.15,112.54,True
41.0,flow_west.2,BS_1,-81.77,1101.57,111.77,True
41.0,flow_west.3,BS_1,-80.35,935.49,110.35,True
41.0,vehicle_0,BS_1,-79.61,858.86,109.61,True
41.0,vehicle_1,BS_1,-77.77,694.90,107.77,True
41.0,vehicle_2,BS_1,-81.37,1052.75,111.37,True
42.0,flow_east.1,BS_1,-78.36,744.03,108.36,True
42.0,flow_east.2,BS_1,-80.89,996.28,110.89,True
42.0,flow_east.3,BS_1,-75.75,551.16,105.75,True
42.0,flow_west.1,BS_1,-82.89,1253.55,112.89,True
42.0,flow_west.2,BS_1,-81.41,1057.59,111.41,True
42.0,flow_west.3,BS_1,-79.93,891.12,109.93,True
42.0,vehicle_0,BS_1,-80.03,901.65,110.03,True
42.0,vehicle_1,BS_1,-78.17,728.15,108.17,True
42.0,vehicle_2,BS_1,-81.76,1100.27,111.76,True
43.0,flow_east.1,BS_1,-77.98,712.55,107.98,True
43.0,flow_east.2,BS_1,-81.24,1037.19,111.24,True
43.0,flow_east.3,BS_1,-76.02,568.51,106.02,True
43.0,flow_west.1,BS_1,-83.21,1301.12,113.21,True
43.0,flow_west.2,BS_1,-81.05,1013.85,111.05,True
43.0,flow_west.3,BS_1,-79.50,848.20,109.50,True
43.0,vehicle_0,BS_1,-80.46,947.41,110.46,True
43.0,vehicle_1,BS_1,-78.58,763.23,108.58,True
43.0,vehicle_2,BS_1,-82.11,1146.17,112.11,True
44.0,flow_east.1,BS_1,-77.63,683.80,107.63,True
44.0,flow_east.2,BS_1,-81.58,1078.38,111.58,True
44.0,flow_east.3,BS_1,-76.34,589.43,106.34,True
44.0,flow_west.1,BS_1,-83.53,1348.97,113.53,True
44.0,flow_west.2,BS_1,-80.66,969.23,110.66,True
44.0,flow_west.3,BS_1,-79.05,805.73,109.05,True
44.0,vehicle_0,BS_1,-80.85,991.06,110.85,True
44.0,vehicle_1,BS_1,-78.99,799.92,108.99,True
44.0,vehicle_2,BS_1,-82.45,1192.18,112.45,True
45.0,flow_east.1,BS_1,-77.27,656.23,107.27,True
45.0,flow_east.2,BS_1,-81.92,1121.10,111.92,True
45.0,flow_east.3,BS_1,-76.68,613.34,106.68,True
45.0,flow_west.1,BS_1,-83.85,1399.55,113.85,True
45.0,flow_west.2,BS_1,-80.26,925.68,110.26,True
45.0,flow_west.3,BS_1,-78.60,764.75,108.60,True
45.0,vehicle_0,BS_1,-81.25,1037.60,111.25,True
45.0,vehicle_1,BS_1,-79.40,838.99,109.40,True
45.0,vehicle_2,BS_1,-82.80,1241.24,112.80,True
46.0,flow_east.1,BS_1,-76.90,628.89,106.90,True
46.0,flow_east.2,BS_1,-82.24,1163.63,112.24,True
46.0,flow_east.3,BS_1,-77.04,639.05,107.04,True
46.0,flow_west.1,BS_1,-84.14,1448.19,114.14,True
46.0,flow_west.2,BS_1,-79.85,883.11,109.85,True
46.0,flow_west.3,BS_1,-78.14,725.50,108.14,True
46.0,vehicle_0,BS_1,-81.61,1081.93,111.61,True
46.0,vehicle_1,BS_1,-79.82,880.23,109.82,True
46.0,vehicle_2,BS_1,-83.14,1290.25,113.14,True
47.0,flow_east.1,BS_1,-76.55,603.93,106.55,True
47.0,flow_east.2,BS_1,-82.57,1207.54,112.57,True
47.0,flow_east.3,BS_1,-77.42,667.79,107.42,True
47.0,flow_west.1,BS_1,-84.43,1497.37,114.43,True
47.0,flow_west.2,BS_1,-79.45,843.67,109.45,True
47.0,flow_west.3,BS_1,-77.68,688.09,107.68,True
47.0,vehicle_0,BS_1,-81.98,1128.36,111.98,True
47.0,vehicle_1,BS_1,-80.22,922.24,110.22,True
47.0,vehicle_2,BS_1,-83.46,1338.23,113.46,True
48.0,flow_east.1,BS_1,-76.22,581.43,106.22,True
48.0,flow_east.2,BS_1,-82.87,1251.02,112.87,True
48.0,flow_east.3,BS_1,-77.80,697.77,107.80,True
48.0,flow_west.1,BS_1,-84.73,1549.65,114.73,True
48.0,flow_west.2,BS_1,-79.05,805.26,109.05,True
48.0,flow_west.3,BS_1,-77.22,652.71,107.22,True
48.0,vehicle_0,BS_1,-82.33,1174.59,112.33,True
48.0,vehicle_1,BS_1,-80.60,962.83,110.60,True
48.0,vehicle_2,BS_1,-83.76,1386.01,113.76,True
49.0,flow_east.1,BS_1,-75.93,562.75,105.93,True
49.0,flow_east.2,BS_1,-83.15,1292.30,113.15,True
49.0,flow_east.3,BS_1,-78.18,729.04,108.18,True
49.0,flow_west.1,BS_1,-85.00,1598.60,115.00,True
49.0,flow_west.2,BS_1,-78.63,767.99,108.63,True
49.0,flow_west.3,BS_1,-76.79,620.94,106.79,True
49.0,vehicle_0,BS_1,-82.65,1219.92,112.65,True
49.0,vehicle_1,BS_1,-80.96,1003.88,110.96,True
49.0,vehicle_2,BS_1,-84.08,1436.79,114.08,True
50.0,flow_east.1,BS_1,-75.68,546.70,105.68,True
50.0,flow_east.2,BS_1,-83.45,1337.27,113.45,True
50.0,flow_east.3,BS_1,-78.56,761.14,108.56,True
50.0,flow_east.4,BS_1,-80.62,965.39,110.62,True
50.0,flow_west.1,BS_1,-85.27,1648.60,115.27,True
50.0,flow_west.2,BS_1,-78.21,731.49,108.21,True
50.0,flow_west.3,BS_1,-76.36,590.81,106.36,True
50.0,flow_west.4,BS_1,-85.65,1721.86,115.65,True
50.0,vehicle_0,BS_1,-82.94,1261.24,112.94,True
50.0,vehicle_1,BS_1,-81.34,1048.88,111.34,True
50.0,vehicle_2,BS_1,-84.37,1487.15,114.37,True
51.0,flow_east.1,BS_1,-75.47,533.27,105.47,True
51.0,flow_east.2,BS_1,-83.74,1382.39,113.74,True
51.0,flow_east.3,BS_1,-78.95,796.63,108.95,True
51.0,flow_east.4,BS_1,-81.02,1010.64,111.02,True
51.0,flow_west.1,BS_1,-85.54,1701.12,115.54,True
51.0,flow_west.2,BS_1,-77.78,696.25,107.78,True
51.0,flow_west.3,BS_1,-75.96,564.70,105.96,True
51.0,flow_west.4,BS_1,-85.39,1670.90,115.39,True
51.0,vehicle_0,BS_1,-83.25,1306.62,113.25,True
51.0,vehicle_1,BS_1,-81.71,1094.59,111.71,True
51.0,vehicle_2,BS_1,-84.66,1536.71,114.66,True
52.0,flow_east.1,BS_1,-75.30,523.02,105.30,True
52.0,flow_east.2,BS_1,-84.00,1425.19,114.00,True
52.0,flow_east.3,BS_1,-79.33,832.22,109.33,True
52.0,flow_east.4,BS_1,-81.39,1055.16,111.39,True
52.0,flow_west.2,BS_1,-77.35,662.46,107.35,True
52.0,flow_west.3,BS_1,-75.62,542.76,105.62,True
52.0,flow_west.4,BS_1,-85.12,1620.66,115.12,True
52.0,vehicle_0,BS_1,-83.54,1351.41,113.54,True
52.0,vehicle_1,BS_1,-82.07,1140.13,112.07,True
52.0,vehicle_2,BS_1,-84.93,1585.93,114.93,True
53.0,flow_east.1,BS_1,-90.20,516.96,120.20,False
53.0,flow_east.2,BS_1,-84.28,1471.18,114.28,True
53.0,flow_east.3,BS_1,-79.69,866.86,109.69,True
53.0,flow_east.4,BS_1,-81.77,1101.92,111.77,True
53.0,flow_west.2,BS_1,-76.93,630.85,106.93,True
53.0,flow_west.3,BS_1,-75.34,525.73,105.34,True
53.0,flow_west.4,BS_1,-84.84,1569.37,114.84,True
53.0,vehicle_0,BS_1,-83.81,1394.12,113.81,True
53.0,vehicle_1,BS_1,-82.41,1185.99,112.41,True
53.0,vehicle_2,BS_1,-85.21,1636.41,115.21,True
54.0,flow_east.1,BS_1,-90.15,514.27,120.15,False
54.0,flow_east.2,BS_1,-84.53,1513.68,114.53,True
54.0,flow_east.3,BS_1,-80.06,904.69,110.06,True
54.0,flow_east.4,BS_1,-82.14,1150.02,112.14,True
54.0,flow_west.2,BS_1,-76.53,602.89,106.53,True
54.0,flow_west.3,BS_1,-75.14,513.38,105.14,True
54.0,flow_west.4,BS_1,-84.56,1519.08,114.56,True
54.0,vehicle_0,BS_1,-84.10,1441.34,114.10,True
54.0,vehicle_1,BS_1,-82.74,1232.45,112.74,True
54.0,vehicle_2,BS_1,-85.48,1688.34,115.48,True
55.0,flow_east.1,BS_1,-90.17,515.51,120.17,False
55.0,flow_east.2,BS_1,-84.77,1556.96,114.77,True
55.0,flow_east.3,BS_1,-80.42,942.93,110.42,True
55.0,flow_east.4,BS_1,-82.48,1196.25,112.48,True
55.0,flow_west.2,BS_1,-76.15,576.96,106.15,True
55.0,flow_west.3,BS_1,-90.00,505.68,120.00,False
55.0,flow_west.4,BS_1,-84.27,1469.52,114.27,True
55.0,vehicle_0,BS_1,-84.35,1482.37,114.35,True
55.0,vehicle_1,BS_1,-83.06,1278.79,113.06,True
55.0,vehicle_2,BS_1,-85.74,1740.10,115.74,True
56.0,flow_east.1,BS_1,-75.26,520.71,105.26,True
56.0,flow_east.2,BS_1,-85.02,1601.14,115.02,True
56.0,flow_east.3,BS_1,-80.75,979.80,110.75,True
56.0,flow_east.4,BS_1,-82.84,1245.98,112.84,True
56.0,flow_west.2,BS_1,-75.81,554.72,105.81,True
56.0,flow_west.3,BS_1,-89.97,503.75,119.97,False
56.0,flow_west.4,BS_1,-83.97,1418.92,113.97,True
56.0,vehicle_0,BS_1,-84.61,1527.67,114.61,True
56.0,vehicle_1,BS_1,-83.38,1326.57,113.38,True
57.0,flow_east.1,BS_1,-75.40,529.36,105.40,True
57.0,flow_east.2,BS_1,-85.26,1646.42,115.26,True
57.0,flow_east.3,BS_1,-81.09,1018.60,111.09,True
57.0,flow_east.4,BS_1,-83.16,1293.25,113.16,True
57.0,flow_west.2,BS_1,-75.50,535.26,105.50,True
57.0,flow_west.3,BS_1,-75.04,507.48,105.04,True
57.0,flow_west.4,BS_1,-83.65,1368.91,113.65,True
57.0,vehicle_0,BS_1,-84.86,1572.41,114.86,True
57.0,vehicle_1,BS_1,-83.69,1374.62,113.69,True
58.0,flow_east.1,BS_1,-75.60,541.67,105.60,True
58.0,flow_east.2,BS_1,-85.49,1691.16,115.49,True
58.0,flow_east.3,BS_1,-81.42,1058.16,111.42,True
58.0,flow_east.4,BS_1,-83.48,1340.87,113.48,True
58.0,flow_west.2,BS_1,-75.25,520.05,105.25,True
58.0,flow_west.3,BS_1,-75.20,516.88,105.20,True
58.0,flow_west.4,BS_1,-83.35,1320.97,113.35,True
58.0,vehicle_0,BS_1,-85.10,1617.34,115.10,True
58.0,vehicle_1,BS_1,-83.97,1420.25,113.97,True
59.0,flow_east.1,BS_1,-75.85,557.38,105.85,True
59.0,flow_east.2,BS_1,-85.72,1736.73,115.72,True
59.0,flow_east.3,BS_1,-81.75,1099.18,111.75,True
59.0,flow_east.4,BS_1,-83.78,1388.76,113.78,True
59.0,flow_west.2,BS_1,-75.08,510.04,105.08,True
59.0,flow_west.3,BS_1,-75.43,531.28,105.43,True
59.0,flow_west.4,BS_1,-83.01,1270.79,113.01,True
59.0,vehicle_0,BS_1,-85.33,1660.07,115.33,True
59.0,vehicle_1,BS_1,-84.26,1467.78,114.26,True
60.0,flow_east.1,BS_1,-76.15,576.68,106.15,True
60.0,flow_east.3,BS_1,-82.06,1138.97,112.06,True
60.0,flow_east.4,BS_1,-84.06,1434.99,114.06,True
60.0,flow_east.5,BS_1,-78.69,772.61,108.69,True
60.0,flow_west.2,BS_1,-89.98,504.49,119.98,False
60.0,flow_west.3,BS_1,-75.74,550.14,105.74,True
60.0,flow_west.4,BS_1,-82.66,1220.19,112.66,True
60.0,flow_west.5,BS_1,-75.18,516.18,105.18,True
60.0,vehicle_0,BS_1,-85.57,1706.76,115.57,True
60.0,vehicle_1,BS_1,-84.52,1512.67,114.52,True
61.0,flow_east.1,BS_1,-76.45,597.30,106.45,True
61.0,flow_east.3,BS_1,-82.37,1180.26,112.37,True
61.0,flow_east.4,BS_1,-84.35,1482.43,114.35,True
61.0,flow_east.5,BS_1,-79.12,811.85,109.12,True
61.0,flow_west.2,BS_1,-89.98,504.19,119.98,False
61.0,flow_west.3,BS_1,-76.11,574.06,106.11,True
61.0,flow_west.4,BS_1,-82.29,1170.52,112.29,True
61.0,flow_west.5,BS_1,-75.03,507.40,105.03,True
61.0,vehicle_1,BS_1,-84.78,1558.78,114.78,True
62.0,flow_east.1,BS_1,-76.79,620.92,106.79,True
62.0,flow_east.3,BS_1,-82.68,1223.19,112.68,True
62.0,flow_east.4,BS_1,-84.61,1527.26,114.61,True
62.0,flow_east.5,BS_1,-79.55,853.58,109.55,True
62.0,flow_west.2,BS_1,-75.06,508.92,105.06,True
62.0,flow_west.3,BS_1,-76.52,601.74,106.52,True
62.0,flow_west.4,BS_1,-81.93,1121.87,111.93,True
62.0,flow_west.5,BS_1,-89.97,503.80,119.97,False
62.0,vehicle_1,BS_1,-85.04,1605.06,115.04,True
63.0,flow_east.1,BS_1,-77.14,646.23,107.14,True
63.0,flow_east.3,BS_1,-82.97,1264.44,112.97,True
63.0,flow_east.4,BS_1,-84.87,1575.06,114.87,True
63.0,flow_east.5,BS_1,-79.97,895.55,109.97,True
63.0,flow_west.2,BS_1,-75.23,518.75,105.23,True
63.0,flow_west.3,BS_1,-76.95,632.96,106.95,True
63.0,flow_west.4,BS_1,-81.54,1072.66,111.54,True
63.0,flow_west.5,BS_1,-90.00,505.53,120.00,False
63.0,vehicle_1,BS_1,-85.29,1652.91,115.29,True
64.0,flow_east.1,BS_1,-77.50,674.07,107.50,True
64.0,flow_east.3,BS_1,-83.24,1304.51,113.24,True
64.0,flow_east.4,BS_1,-85.14,1623.79,115.14,True
64.0,flow_east.5,BS_1,-80.39,939.78,110.39,True
64.0,flow_west.2,BS_1,-75.47,533.39,105.47,True
64.0,flow_west.3,BS_1,-77.41,667.37,107.41,True
64.0,flow_west.4,BS_1,-81.14,1024.54,111.14,True
64.0,flow_west.5,BS_1,-75.12,512.15,105.12,True
64.0,vehicle_1,BS_1,-85.53,1698.72,115.53,True
65.0,flow_east.1,BS_1,-77.87,703.12,107.87,True
65.0,flow_east.3,BS_1,-83.50,1344.60,113.50,True
65.0,flow_east.4,BS_1,-85.37,1667.55,115.37,True
65.0,flow_east.5,BS_1,-80.79,984.17,110.79,True
65.0,flow_west.2,BS_1,-75.75,551.02,105.75,True
65.0,flow_west.3,BS_1,-77.87,703.47,107.87,True
65.0,flow_west.4,BS_1,-80.75,979.28,110.75,True
65.0,flow_west.5,BS_1,-75.31,523.72,105.31,True
66.0,flow_east.1,BS_1,-78.23,732.93,108.23,True
66.0,flow_east.3,BS_1,-83.75,1384.77,113.75,True
66.0,flow_east.4,BS_1,-85.63,1718.33,115.63,True
66.0,flow_east.5,BS_1,-81.17,1028.55,111.17,True
66.0,flow_west.2,BS_1,-76.08,572.63,106.08,True
66.0,flow_west.3,BS_1,-78.35,742.83,108.35,True
66.0,flow_west.4,BS_1,-80.33,933.21,110.33,True
66.0,flow_west.5,BS_1,-75.55,538.33,105.55,True
67.0,flow_east.1,BS_1,-78.58,763.45,108.58,True
67.0,flow_east.3,BS_1,-84.03,1429.04,114.03,True
67.0,flow_east.5,BS_1,-81.56,1075.42,111.56,True
67.0,flow_west.2,BS_1,-76.46,597.76,106.46,True
67.0,flow_west.3,BS_1,-78.80,782.92,108.80,True
67.0,flow_west.4,BS_1,-79.90,888.18,109.90,True
67.0,flow_west.5,BS_1,-75.87,558.38,105.87,True
68.0,flow_east.1,BS_1,-78.97,797.93,108.97,True
68.0,flow_east.3,BS_1,-84.27,1469.93,114.27,True
68.0,flow_east.5,BS_1,-81.94,1123.29,111.94,True
68.0,flow_west.2,BS_1,-76.87,627.00,106.87,True
68.0,flow_west.3,BS_1,-79.26,825.02,109.26,True
68.0,flow_west.4,BS_1,-79.47,845.73,109.47,True
68.0,flow_west.5,BS_1,-76.22,581.54,106.22,True
69.0,flow_east.1,BS_1,-79.35,833.74,109.35,True
69.0,flow_east.3,BS_1,-84.51,1511.17,114.51,True
69.0,flow_east.5,BS_1,-82.30,1171.62,112.30,True
69.0,flow_west.2,BS_1,-77.28,657.20,107.28,True
69.0,flow_west.3,BS_1,-79.71,868.79,109.71,True
69.0,flow_west.4,BS_1,-79.03,803.41,109.03,True
69.0,flow_west.5,BS_1,-76.63,609.38,106.63,True
70.0,flow_east.1,BS_1,-79.72,870.06,109.72,True
70.0,flow_east.3,BS_1,-84.75,1551.99,114.75,True
70.0,flow_east.5,BS_1,-82.64,1218.41,112.64,True
70.0,flow_east.6,BS_1,-75.55,538.40,105.55,True
70.0,flow_west.2,BS_1,-77.72,691.39,107.72,True
70.0,flow_west.3,BS_1,-80.14,913.69,110.14,True
70.0,flow_west.4,BS_1,-78.56,761.07,108.56,True
70.0,flow_west.5,BS_1,-77.04,638.94,107.04,True
70.0,flow_west.6,BS_1,-75.74,550.03,105.74,True
71.0,flow_east.1,BS_1,-80.08,906.83,110.08,True
71.0,flow_east.3,BS_1,-84.99,1596.75,114.99,True
71.0,flow_east.5,BS_1,-82.99,1268.76,112.99,True
71.0,flow_east.6,BS_1,-75.34,525.47,105.34,True
71.0,flow_west.2,BS_1,-78.15,726.38,108.15,True
71.0,flow_west.3,BS_1,-80.56,958.89,110.56,True
71.0,flow_west.4,BS_1,-78.08,720.74,108.08,True
71.0,flow_west.5,BS_1,-77.48,672.41,107.48,True
71.0,flow_west.6,BS_1,-76.04,569.74,106.04,True
72.0,flow_east.1,BS_1,-80.41,942.65,110.41,True
72.0,flow_east.3,BS_1,-85.22,1639.67,115.22,True
72.0,flow_east.5,BS_1,-83.32,1317.05,113.32,True
72.0,flow_east.6,BS_1,-75.21,517.75,105.21,True
72.0,flow_west.2,BS_1,-78.58,763.25,108.58,True
72.0,flow_west.3,BS_1,-80.96,1004.20,110.96,True
72.0,flow_west.4,BS_1,-77.61,682.23,107.61,True
72.0,flow_west.5,BS_1,-77.90,705.38,107.90,True
72.0,flow_west.6,BS_1,-76.39,592.84,106.39,True
73.0,flow_east.1,BS_1,-80.74,978.38,110.74,True
73.0,flow_east.3,BS_1,-85.45,1684.05,115.45,True
73.0,flow_east.5,BS_1,-83.63,1365.32,113.63,True
73.0,flow_east.6,BS_1,-90.15,514.32,120.15,False
73.0,flow_west.2,BS_1,-78.99,799.89,108.99,True
73.0,flow_west.3,BS_1,-81.37,1051.79,111.37,True
73.0,flow_west.4,BS_1,-77.15,647.11,107.15,True
73.0,flow_west.5,BS_1,-78.32,740.83,108.32,True
73.0,flow_west.6,BS_1,-76.75,618.35,106.75,True
74.0,flow_east.1,BS_1,-81.07,1016.53,111.07,True
74.0,flow_east.3,BS_1,-85.68,1728.36,115.68,True
74.0,flow_east.5,BS_1,-83.94,1414.19,113.94,True
74.0,flow_east.6,BS_1,-90.17,515.46,120.17,False
74.0,flow_west.2,BS_1,-79.41,839.98,109.41,True
74.0,flow_west.3,BS_1,-81.73,1097.22,111.73,True
74.0,flow_west.4,BS_1,-76.72,615.75,106.72,True
74.0,flow_west.5,BS_1,-78.72,775.67,108.72,True
74.0,flow_west.6,BS_1,-77.13,646.08,107.13,True
75.0,flow_east.1,BS_1,-81.39,1054.67,111.39,True
75.0,flow_east.5,BS_1,-84.24,1465.00,114.24,True
75.0,flow_east.6,BS_1,-75.27,521.53,105.27,True
75.0,flow_west.2,BS_1,-79.81,879.17,109.81,True
75.0,flow_west.3,BS_1,-82.10,1144.89,112.10,True
75.0,flow_west.4,BS_1,-76.30,587.03,106.30,True
75.0,flow_west.5,BS_1,-79.13,813.48,109.13,True
75.0,flow_west.6,BS_1,-77.53,676.06,107.53,True
76.0,flow_east.1,BS_1,-81.71,1094.91,111.71,True
76.0,flow_east.5,BS_1,-84.55,1516.81,114.55,True
76.0,flow_east.6,BS_1,-75.45,532.34,105.45,True
76.0,flow_west.2,BS_1,-80.21,920.90,110.21,True
76.0,flow_west.3,BS_1,-82.45,1191.54,112.45,True
76.0,flow_west.4,BS_1,-75.92,561.70,105.92,True
76.0,flow_west.5,BS_1,-79.53,851.34,109.53,True
76.0,flow_west.6,BS_1,-77.93,708.30,107.93,True
77.0,flow_east.1,BS_1,-82.02,1134.24,112.02,True
77.0,flow_east.5,BS_1,-84.82,1565.77,114.82,True
77.0,flow_east.6,BS_1,-75.68,546.60,105.68,True
77.0,flow_west.2,BS_1,-80.59,962.12,110.59,True
77.0,flow_west.3,BS_1,-82.79,1239.01,112.79,True
77.0,flow_west.4,BS_1,-75.58,540.03,105.58,True
77.0,flow_west.5,BS_1,-79.94,892.82,109.94,True
77.0,flow_west.6,BS_1,-78.34,741.98,108.34,True
78.0,flow_east.1,BS_1,-82.33,1175.37,112.33,True
78.0,flow_east.5,BS_1,-85.09,1614.34,115.09,True
78.0,flow_east.6,BS_1,-75.96,564.56,105.96,True
78.0,flow_west.2,BS_1,-80.97,1005.07,110.97,True
78.0,flow_west.3,BS_1,-83.13,1288.16,113.13,True
78.0,flow_west.4,BS_1,-75.29,522.57,105.29,True
78.0,flow_west.5,BS_1,-80.33,933.58,110.33,True
78.0,flow_west.6,BS_1,-78.72,775.87,108.72,True
79.0,flow_east.1,BS_1,-82.63,1216.57,112.63,True
79.0,flow_east.5,BS_1,-85.36,1664.92,115.36,True
79.0,flow_east.6,BS_1,-76.29,586.60,106.29,True
79.0,flow_west.2,BS_1,-81.35,1049.66,111.35,True
79.0,flow_west.3,BS_1,-83.45,1336.98,113.45,True
79.0,flow_west.4,BS_1,-75.09,510.61,105.09,True
79.0,flow_west.5,BS_1,-80.71,975.65,110.71,True
79.0,flow_west.6,BS_1,-79.10,810.36,109.10,True
80.0,flow_east.1,BS_1,-82.90,1255.21,112.90,True
80.0,flow_east.5,BS_1,-85.62,1716.39,115.62,True
80.0,flow_east.6,BS_1,-76.67,612.43,106.67,True
80.0,flow_east.7,BS_1,-80.37,938.35,110.37,True
80.0,flow_west.2,BS_1,-81.70,1092.51,111.70,True
80.0,flow_west.3,BS_1,-83.78,1388.58,113.78,True
80.0,flow_west.4,BS_1,-89.99,504.66,119.99,False
80.0,flow_west.5,BS_1,-81.09,1018.83,111.09,True
80.0,flow_west.6,BS_1,-79.48,846.75,109.48,True
80.0,flow_west.7,BS_1,-84.73,1549.93,114.73,True
81.0,flow_east.1,BS_1,-83.18,1296.52,113.18,True
81.0,flow_east.6,BS_1,-77.07,641.27,107.07,True
81.0,flow_east.7,BS_1,-80.00,898.40,110.00,True
81.0,flow_west.2,BS_1,-82.03,1135.98,112.03,True
81.0,flow_west.3,BS_1,-84.09,1438.72,114.09,True
81.0,flow_west.4,BS_1,-89.98,504.18,119.98,False
81.0,flow_west.5,BS_1,-81.44,1060.82,111.44,True
81.0,flow_west.6,BS_1,-79.85,883.41,109.85,True
81.0,flow_west.7,BS_1,-84.47,1502.92,114.47,True
82.0,flow_east.1,BS_1,-83.44,1335.15,113.44,True
82.0,flow_east.6,BS_1,-77.47,671.62,107.47,True
82.0,flow_east.7,BS_1,-79.61,858.99,109.61,True
82.0,flow_west.2,BS_1,-82.38,1182.66,112.38,True
82.0,flow_west.3,BS_1,-84.37,1486.92,114.37,True
82.0,flow_west.4,BS_1,-75.07,509.46,105.07,True
82.0,flow_west.5,BS_1,-81.79,1103.95,111.79,True
82.0,flow_west.6,BS_1,-80.22,922.13,110.22,True
82.0,flow_west.7,BS_1,-84.18,1454.72,114.18,True
83.0,flow_east.1,BS_1,-83.69,1373.91,113.69,True
83.0,flow_east.6,BS_1,-77.88,703.98,107.88,True
83.0,flow_east.7,BS_1,-79.20,819.43,109.20,True
83.0,flow_west.2,BS_1,-82.71,1227.45,112.71,True
83.0,flow_west.3,BS_1,-84.66,1536.29,114.66,True
83.0,flow_west.4,BS_1,-75.26,520.50,105.26,True
83.0,flow_west.5,BS_1,-82.14,1149.83,112.14,True
83.0,flow_west.6,BS_1,-80.58,960.53,110.58,True
83.0,flow_west.7,BS_1,-83.90,1408.36,113.90,True
84.0,flow_east.1,BS_1,-83.94,1414.34,113.94,True
84.0,flow_east.6,BS_1,-78.31,740.09,108.31,True
84.0,flow_east.7,BS_1,-78.78,781.16,108.78,True
84.0,flow_west.2,BS_1,-83.02,1272.14,113.02,True
84.0,flow_west.3,BS_1,-84.95,1588.23,114.95,True
84.0,flow_west.4,BS_1,-75.52,536.40,105.52,True
84.0,flow_west.5,BS_1,-82.47,1194.95,112.47,True
84.0,flow_west.6,BS_1,-80.92,999.62,110.92,True
84.0,flow_west.7,BS_1,-83.60,1359.89,113.60,True
85.0,flow_east.1,BS_1,-84.18,1453.92,114.18,True
85.0,flow_east.6,BS_1,-78.72,775.58,108.72,True
85.0,flow_east.7,BS_1,-78.35,743.60,108.35,True
85.0,flow_west.2,BS_1,-83.32,1317.83,113.32,True
85.0,flow_west.3,BS_1,-85.23,1640.38,115.23,True
85.0,flow_west.4,BS_1,-75.83,556.28,105.83,True
85.0,flow_west.5,BS_1,-82.79,1238.46,112.79,True
85.0,flow_west.6,BS_1,-81.26,1039.41,111.26,True
85.0,flow_west.7,BS_1,-83.30,1314.69,113.30,True
86.0,flow_east.1,BS_1,-84.41,1493.75,114.41,True
86.0,flow_east.6,BS_1,-79.14,814.36,109.14,True
86.0,flow_east.7,BS_1,-77.93,708.44,107.93,True
86.0,flow_west.2,BS_1,-83.62,1363.55,113.62,True
86.0,flow_west.3,BS_1,-85.48,1689.56,115.48,True
86.0,flow_west.4,BS_1,-76.22,581.34,106.22,True
86.0,flow_west.5,BS_1,-83.11,1285.16,113.11,True
86.0,flow_west.6,BS_1,-81.59,1079.08,111.59,True
86.0,flow_west.7,BS_1,-83.01,1270.30,113.01,True
87.0,flow_east.1,BS_1,-84.66,1537.15,114.66,True
87.0,flow_east.6,BS_1,-79.56,854.49,109.56,True
87.0,flow_east.7,BS_1,-77.52,675.66,107.52,True
87.0,flow_west.2,BS_1,-83.92,1411.13,113.92,True
87.0,flow_west.4,BS_1,-76.64,610.38,106.64,True
87.0,flow_west.5,BS_1,-83.40,1329.91,113.40,True
87.0,flow_west.6,BS_1,-81.92,1121.27,111.92,True
87.0,flow_west.7,BS_1,-82.67,1222.83,112.67,True
88.0,flow_east.1,BS_1,-84.89,1577.39,114.89,True
88.0,flow_east.6,BS_1,-79.97,896.02,109.97,True
88.0,flow_east.7,BS_1,-77.10,643.31,107.10,True
88.0,flow_west.2,BS_1,-84.20,1457.76,114.20,True
88.0,flow_west.4,BS_1,-77.09,642.88,107.09,True
88.0,flow_west.5,BS_1,-83.72,1378.55,113.72,True
88.0,flow_west.6,BS_1,-82.25,1163.82,112.25,True
88.0,flow_west.7,BS_1,-82.36,1179.23,112.36,True
89.0,flow_east.1,BS_1,-85.12,1620.92,115.12,True
89.0,flow_east.6,BS_1,-80.34,935.15,110.34,True
89.0,flow_east.7,BS_1,-76.71,615.57,106.71,True
89.0,flow_west.2,BS_1,-84.47,1502.86,114.47,True
89.0,flow_west.4,BS_1,-77.54,676.84,107.54,True
89.0,flow_west.5,BS_1,-84.01,1425.31,114.01,True
89.0,flow_west.6,BS_1,-82.57,1207.69,112.57,True
89.0,flow_west.7,BS_1,-82.02,1133.62,112.02,True
90.0,flow_east.1,BS_1,-85.34,1662.10,115.34,True
90.0,flow_east.6,BS_1,-80.72,976.08,110.72,True
90.0,flow_east.7,BS_1,-76.34,590.02,106.34,True
90.0,flow_west.2,BS_1,-84.74,1551.19,114.74,True
90.0,flow_west.4,BS_1,-78.00,713.81,108.00,True
90.0,flow_west.5,BS_1,-84.28,1471.03,114.28,True
90.0,flow_west.6,BS_1,-82.86,1249.77,112.86,True
90.0,flow_west.7,BS_1,-81.67,1088.67,111.67,True
91.0,flow_east.1,BS_1,-85.56,1703.90,115.56,True
91.0,flow_east.6,BS_1,-81.09,1019.44,111.09,True
91.0,flow_east.7,BS_1,-76.01,567.64,106.01,True
91.0,flow_west.2,BS_1,-85.01,1600.40,115.01,True
91.0,flow_west.4,BS_1,-78.45,751.87,108.45,True
91.0,flow_west.5,BS_1,-84.55,1518.32,114.55,True
91.0,flow_west.6,BS_1,-83.16,1292.74,113.16,True
91.0,flow_west.7,BS_1,-81.30,1043.72,111.30,True
92.0,flow_east.6,BS_1,-81.45,1062.62,111.45,True
92.0,flow_east.7,BS_1,-75.71,548.17,105.71,True
92.0,flow_west.2,BS_1,-85.27,1648.41,115.27,True
92.0,flow_west.4,BS_1,-78.91,792.45,108.91,True
92.0,flow_west.5,BS_1,-84.83,1568.10,114.83,True
92.0,flow_west.6,BS_1,-83.44,1335.22,113.44,True
92.0,flow_west.7,BS_1,-80.94,1001.92,110.94,True
93.0,flow_east.6,BS_1,-81.80,1105.96,111.80,True
93.0,flow_east.7,BS_1,-75.46,532.90,105.46,True
93.0,flow_west.2,BS_1,-85.51,1695.64,115.51,True
93.0,flow_west.4,BS_1,-79.36,834.79,109.36,True
93.0,flow_west.5,BS_1,-85.11,1618.51,115.11,True
93.0,flow_west.6,BS_1,-83.72,1378.68,113.72,True
93.0,flow_west.7,BS_1,-80.55,957.58,110.55,True
94.0,flow_east.6,BS_1,-82.14,1149.69,112.14,True
94.0,flow_east.7,BS_1,-75.28,521.71,105.28,True
94.0,flow_west.4,BS_1,-79.79,877.17,109.79,True
94.0,flow_west.5,BS_1,-85.36,1666.13,115.36,True
94.0,flow_west.6,BS_1,-83.99,1422.91,113.99,True
94.0,flow_west.7,BS_1,-80.15,914.46,110.15,True
95.0,flow_east.6,BS_1,-82.47,1194.32,112.47,True
95.0,flow_east.7,BS_1,-90.17,515.62,120.17,False
95.0,flow_west.4,BS_1,-80.21,920.31,110.21,True
95.0,flow_west.5,BS_1,-85.62,1715.77,115.62,True
95.0,flow_west.6,BS_1,-84.24,1464.73,114.24,True
95.0,flow_west.7,BS_1,-79.75,873.52,109.75,True
96.0,flow_east.6,BS_1,-82.78,1237.09,112.78,True
96.0,flow_east.7,BS_1,-90.15,514.36,120.15,False
96.0,flow_west.4,BS_1,-80.62,965.36,110.62,True
96.0,flow_west.6,BS_1,-84.51,1510.43,114.51,True
96.0,flow_west.7,BS_1,-79.33,832.37,109.33,True
97.0,flow_east.6,BS_1,-83.09,1283.07,113.09,True
97.0,flow_east.7,BS_1,-75.22,518.32,105.22,True
97.0,flow_west.4,BS_1,-81.03,1011.68,111.03,True
97.0,flow_west.6,BS_1,-84.75,1552.55,114.75,True
97.0,flow_west.7,BS_1,-78.93,794.18,108.93,True
98.0,flow_east.6,BS_1,-83.38,1326.72,113.38,True
98.0,flow_east.7,BS_1,-75.36,526.58,105.36,True
98.0,flow_west.4,BS_1,-81.41,1057.41,111.41,True
98.0,flow_west.6,BS_1,-84.98,1595.06,114.98,True
98.0,flow_west.7,BS_1,-78.51,756.76,108.51,True
99.0,flow_east.6,BS_1,-83.69,1373.82,113.69,True
99.0,flow_east.7,BS_1,-75.57,539.48,105.57,True
99.0,flow_west.4,BS_1,-81.78,1102.94,111.78,True
99.0,flow_west.6,BS_1,-85.21,1637.69,115.21,True
99.0,flow_west.7,BS_1,-78.07,719.47,108.07,True
